study_hours,attendance_percentage,assignment_score,previous_exam_score,sleep_hours,class_participation,final_exam_score
23,84,77.4,73,7,79.8,67
19,64,61.0,59,8,60.8,61
24,98,93.8,91,7,93.1,74
29,89,94.4,98,8,84.6,71
19,92,75.8,65,6,87.4,70
19,88,88.6,89,8,83.6,71
29,84,74.4,68,7,79.8,67
25,78,61.2,50,6,74.1,66
17,94,85.6,80,6,89.3,69
23,98,81.8,71,8,93.1,72
17,80,84.8,88,8,76.0,68
17,97,91.0,87,6,92.1,71
21,83,91.4,97,8,78.8,70
9,82,76.0,72,8,77.9,66
10,78,75.6,74,8,74.1,65
17,68,69.2,70,8,64.6,64
14,60,63.0,65,10,57.0,60
22,70,77.2,82,6,66.5,65
15,80,86.6,91,9,76.0,67
12,75,64.8,58,7,71.2,66
29,78,90.6,99,5,74.1,69
19,99,90.0,84,6,94.0,72
20,74,83.0,89,8,70.3,66
11,78,91.2,100,8,74.1,66
17,65,71.0,75,5,61.8,63
21,62,57.2,54,6,58.9,64
13,91,90.4,90,6,86.4,65
22,83,89.6,94,6,78.8,71
16,90,70.8,58,4,85.5,66
18,66,57.0,51,4,62.7,64
16,83,67.4,57,6,78.8,63
31,70,67.6,66,7,66.5,69
20,69,85.2,96,8,65.6,67
14,60,54.0,50,5,57.0,61
25,65,80.0,90,5,61.8,68
13,72,84.6,93,6,68.4,61
21,65,80.6,91,7,61.8,64
8,99,72.0,54,9,94.0,67
12,72,79.2,84,8,68.4,63
21,65,84.8,98,6,61.8,64
24,68,60.8,56,8,64.6,67
21,84,64.8,52,6,79.8,65
19,63,81.6,94,7,59.8,64
18,94,86.8,82,7,89.3,70
11,98,88.4,82,9,93.1,68
16,70,86.8,98,8,66.5,65
17,78,84.0,88,6,74.1,68
26,61,66.4,70,6,58.0,64
22,86,77.6,72,7,81.7,68
9,77,65.0,57,5,73.1,63
22,71,67.4,65,7,67.4,64
18,68,70.4,72,7,64.6,64
16,86,72.2,63,8,81.7,67
24,77,88.4,96,8,73.1,67
26,67,57.4,51,7,63.6,66
26,88,82.6,79,5,83.6,72
15,83,86.6,89,5,78.8,65
18,94,89.8,87,6,89.3,71
22,65,75.2,82,8,61.8,66
26,91,79.0,71,8,86.4,68
17,87,92.4,96,7,82.6,70
19,65,65.6,66,10,61.8,62
13,88,88.0,88,9,83.6,68
13,78,88.8,96,9,74.1,67
25,98,72.8,56,8,93.1,71
28,66,84.6,97,8,62.7,68
20,86,87.8,89,8,81.7,69
26,75,78.6,81,4,71.2,70
22,98,80.6,69,5,93.1,69
16,73,86.2,95,7,69.4,65
22,98,70.4,52,7,93.1,70
29,96,81.6,72,7,91.2,71
20,71,81.2,88,7,67.4,65
29,92,91.4,91,4,87.4,72
4,100,76.0,60,8,95.0,69
25,70,59.2,52,7,66.5,66
21,77,84.8,90,7,73.1,68
18,81,75.0,71,8,77.0,65
21,72,63.0,57,5,68.4,64
8,61,56.8,54,7,58.0,60
19,69,76.8,82,7,65.6,65
22,71,75.8,79,6,67.4,66
29,78,87.0,93,4,74.1,74
17,67,58.0,52,5,63.6,62
15,95,93.8,93,7,90.2,70
17,88,91.6,94,7,83.6,69
25,63,68.4,72,7,59.8,67
22,86,66.8,54,6,81.7,64
17,86,92.6,97,5,81.7,71
23,98,71.6,54,7,93.1,68
21,60,72.0,80,7,57.0,64
26,70,73.0,75,8,66.5,63
16,97,94.0,92,6,92.1,71
18,97,83.8,75,4,92.1,69
18,89,79.4,73,4,84.6,100
11,91,92.8,94,6,86.4,68
22,64,84.4,98,7,60.8,62
22,81,78.6,77,7,77.0,68
20,69,71.4,73,6,65.6,66
19,67,82.0,92,5,63.6,64
12,92,92.0,92,4,87.4,67
17,65,65.6,66,8,61.8,65
18,79,79.0,79,7,75.0,65
15,98,74.0,58,6,93.1,69
19,67,76.0,82,5,63.6,63
22,99,94.8,92,6,94.0,72
31,100,75.4,59,7,95.0,76
21,82,72.4,66,7,77.9,69
22,67,70.0,72,7,63.6,67
20,73,84.4,92,9,69.4,69
8,77,83.0,87,6,73.1,63
20,72,68.4,66,9,68.4,67
20,71,65.6,62,7,67.4,66
35,99,90.6,85,7,94.0,79
19,66,70.8,74,8,62.7,64
22,89,83.6,80,6,84.6,73
20,60,73.2,82,7,57.0,63
13,84,80.4,78,5,79.8,65
27,97,87.4,81,8,92.1,73
25,72,85.2,94,8,68.4,70
25,67,82.6,93,9,63.6,68
15,86,68.6,57,7,81.7,65
28,89,83.0,79,9,84.6,71
12,88,78.4,72,6,83.6,64
24,73,67.6,64,8,69.4,68
33,70,77.2,82,6,66.5,69
14,98,84.8,76,7,93.1,69
17,97,92.2,89,8,92.1,69
21,78,64.2,55,10,74.1,67
17,94,76.6,65,8,89.3,68
11,78,61.8,51,8,74.1,64
20,77,83.0,87,6,73.1,66
14,66,84.0,96,7,62.7,63
23,77,78.2,79,7,73.1,66
14,81,81.0,81,9,77.0,66
29,61,55.6,52,7,58.0,67
15,78,76.2,75,9,74.1,65
18,91,82.0,76,5,86.4,68
25,87,66.0,52,9,82.6,68
13,85,87.4,89,6,80.8,65
21,96,76.8,64,8,91.2,71
28,61,76.0,86,6,58.0,65
10,82,74.8,70,8,77.9,64
21,91,96.4,100,6,86.4,72
22,82,69.4,61,9,77.9,65
25,73,61.0,53,8,69.4,66
13,65,85.4,99,6,61.8,61
12,96,75.6,62,8,91.2,68
23,79,80.8,82,8,75.0,69
22,95,79.4,69,6,90.2,72
22,83,82.4,82,5,78.8,71
22,87,82.8,80,5,82.6,70
16,92,87.8,85,5,87.4,68
21,86,65.0,51,5,81.7,67
22,76,85.6,92,8,72.2,68
16,81,76.8,74,8,77.0,68
31,92,82.4,76,4,87.4,72
23,75,72.6,71,6,71.2,65
13,76,89.8,99,5,72.2,66
24,64,79.6,90,8,60.8,65
14,97,78.4,66,6,92.1,67
25,64,79.0,89,5,60.8,66
27,86,77.6,72,7,81.7,69
15,77,87.2,94,8,73.1,66
26,76,61.6,52,6,72.2,69
22,87,75.6,68,7,82.6,67
25,63,67.8,71,6,59.8,66
31,84,85.8,87,9,79.8,71
19,91,71.8,59,6,86.4,70
15,93,75.6,64,6,88.4,71
15,67,78.4,86,7,63.6,66
15,96,70.8,54,7,91.2,67
20,86,70.4,60,8,81.7,66
22,95,90.8,88,9,90.2,72
22,79,88.0,94,9,75.0,68
25,82,84.4,86,6,77.9,69
20,97,84.4,76,7,92.1,71
29,96,71.4,55,9,91.2,70
18,78,85.8,91,9,74.1,67
36,71,62.0,56,6,67.4,69
24,76,71.8,69,8,72.2,65
15,76,62.2,53,8,72.2,65
14,71,79.4,85,8,67.4,64
23,71,73.4,75,9,67.4,63
19,94,94.6,95,5,89.3,69
24,63,59.4,57,6,59.8,64
23,87,89.4,91,8,82.6,72
20,67,72.4,76,7,63.6,63
15,74,70.4,68,4,70.3,64
11,62,74.0,82,5,58.9,64
17,71,82.4,90,8,67.4,67
25,91,79.6,72,8,86.4,71
21,95,75.2,62,5,90.2,70
13,69,85.2,96,9,65.6,61
21,79,71.2,66,7,75.0,67
22,79,91.6,100,5,75.0,72
15,95,90.8,88,6,90.2,66
21,91,86.8,84,5,86.4,70
20,81,63.0,51,6,77.0,67
13,87,78.0,72,4,82.6,67
22,94,82.6,75,7,89.3,71
23,60,65.4,69,8,57.0,66
26,76,64.6,57,5,72.2,68
26,96,79.2,68,7,91.2,74
12,90,68.4,54,6,85.5,64
14,82,71.8,65,8,77.9,65
23,81,64.8,54,4,77.0,66
23,74,82.4,88,8,70.3,66
23,81,82.8,84,4,77.0,68
43,86,92.6,97,7,81.7,78
23,77,72.2,69,6,73.1,67
27,89,89.0,89,6,84.6,74
26,94,85.0,79,5,89.3,74
24,66,75.6,82,9,62.7,62
18,78,77.4,77,5,74.1,66
25,76,83.8,89,5,72.2,69
15,87,66.0,52,10,82.6,68
19,70,60.4,54,7,66.5,89
17,86,67.4,55,5,81.7,66
20,95,76.4,64,7,90.2,68
34,77,78.8,80,7,73.1,69
9,96,87.6,82,4,91.2,67
24,100,91.6,86,6,95.0,75
10,64,64.0,64,7,60.8,60
17,69,77.4,83,9,65.6,66
27,98,72.8,56,7,93.1,73
20,98,69.2,50,7,93.1,68
14,64,76.6,85,6,60.8,62
16,61,76.0,86,9,58.0,62
24,66,75.0,81,8,62.7,65
16,100,77.8,63,8,95.0,69
21,67,84.4,96,7,63.6,64
20,80,88.4,94,5,76.0,67
16,94,83.2,76,9,89.3,70
33,61,83.8,99,7,58.0,70
24,84,72.6,65,7,79.8,69
8,71,73.4,75,8,67.4,61
21,94,95.2,96,7,89.3,69
16,71,72.2,73,5,67.4,63
25,87,79.2,74,7,82.6,67
15,87,67.2,54,4,82.6,65
19,69,64.2,61,7,65.6,66
23,61,59.2,58,9,58.0,63
25,76,77.2,78,4,72.2,68
13,72,68.4,66,7,68.4,65
18,92,69.2,54,8,87.4,67
17,92,81.8,75,8,87.4,68
16,78,81.0,83,6,74.1,64
31,84,85.8,87,5,79.8,71
22,84,88.8,92,6,79.8,69
12,93,81.6,74,9,88.4,67
26,77,72.8,70,4,73.1,65
33,71,78.8,84,5,67.4,68
26,71,59.0,51,6,67.4,67
11,81,81.6,82,6,77.0,67
17,78,73.2,70,7,74.1,66
28,78,75.0,73,9,74.1,70
16,64,64.6,65,5,60.8,65
23,89,69.2,56,7,84.6,69
25,69,69.6,70,7,65.6,65
14,68,66.2,65,6,64.6,63
20,77,89.6,98,5,73.1,67
1,69,85.8,97,6,65.6,61
14,83,82.4,82,6,78.8,65
18,75,87.0,95,8,71.2,66
13,78,84.0,88,8,74.1,66
30,81,72.6,67,5,77.0,69
11,68,75.2,80,6,64.6,63
17,66,63.0,61,6,62.7,65
21,95,88.4,84,10,90.2,67
29,77,62.0,52,7,73.1,69
11,76,85.6,92,5,72.2,65
27,61,71.8,79,6,58.0,65
20,80,63.8,53,6,76.0,65
14,82,89.2,94,8,77.9,67
23,82,89.2,94,8,77.9,66
21,88,91.0,93,7,83.6,72
16,67,80.2,89,7,63.6,66
20,70,78.4,84,7,66.5,65
18,92,78.8,70,7,87.4,69
21,98,73.4,57,4,93.1,68
24,65,64.4,64,7,61.8,64
30,80,72.2,67,6,76.0,69
13,69,68.4,68,5,65.6,59
33,62,71.6,78,10,58.9,68
8,73,65.2,60,7,69.4,60
19,66,61.8,59,7,62.7,62
24,88,86.8,86,6,83.6,67
22,81,62.4,50,8,77.0,68
16,66,60.6,57,5,62.7,64
19,60,67.2,72,7,57.0,65
17,92,71.0,57,6,87.4,65
16,67,85.6,98,8,63.6,63
25,84,84.0,84,6,79.8,70
22,73,72.4,72,9,69.4,66
16,83,66.8,56,7,78.8,68
25,73,70.6,69,8,69.4,66
22,63,75.0,83,8,59.8,63
25,69,86.4,98,9,65.6,66
24,68,71.6,74,6,64.6,65
15,77,81.8,85,8,73.1,66
17,86,70.4,60,4,81.7,67
24,71,77.0,81,7,67.4,66
24,60,61.2,62,6,57.0,63
20,81,68.4,60,5,77.0,66
21,84,78.6,75,6,79.8,67
28,99,76.2,61,6,94.0,71
16,84,85.2,86,7,79.8,67
23,79,89.8,97,6,75.0,69
19,83,75.2,70,7,78.8,67
19,97,78.4,66,6,92.1,72
27,93,72.6,59,6,88.4,70
25,73,71.2,70,7,69.4,67
25,69,74.4,78,7,65.6,64
28,71,69.8,69,8,67.4,67
20,80,80.6,81,8,76.0,69
24,90,85.8,83,7,85.5,68
18,80,65.0,55,8,76.0,63
22,63,76.2,85,7,59.8,68
19,89,92.6,95,7,84.6,70
21,92,67.4,51,8,87.4,66
24,72,75.6,78,6,68.4,68
15,87,82.8,80,4,82.6,67
33,77,81.8,85,5,73.1,69
14,96,79.8,69,9,91.2,66
13,94,92.2,91,7,89.3,68
27,81,78.6,77,7,77.0,69
25,88,77.2,70,7,83.6,70
24,95,89.6,86,8,90.2,74
24,80,89.6,96,7,76.0,70
20,73,83.8,91,7,69.4,66
15,90,94.2,97,8,85.5,69
20,69,65.4,63,6,65.6,64
16,76,64.0,56,8,72.2,62
26,95,84.2,77,7,90.2,70
19,89,66.8,52,7,84.6,68
15,76,80.8,84,6,72.2,65
18,69,64.8,62,7,65.6,65
22,74,73.4,73,6,70.3,71
17,71,78.2,83,9,67.4,66
15,67,71.2,74,4,63.6,61
21,90,73.2,62,8,85.5,67
21,70,84.4,94,4,66.5,65
17,78,84.0,88,8,74.1,65
17,75,78.0,80,6,71.2,65
21,99,90.6,85,8,94.0,73
11,76,73.0,71,7,72.2,62
12,63,66.6,69,5,59.8,60
16,64,60.4,58,9,60.8,61
19,84,87.6,90,8,79.8,67
22,84,75.0,69,8,79.8,70
29,77,81.8,85,6,73.1,69
25,77,69.8,65,8,73.1,66
19,62,78.8,90,5,58.9,64
20,81,65.4,55,4,77.0,68
14,80,80.6,81,5,76.0,67
20,66,80.4,90,6,62.7,64
18,64,75.4,83,6,60.8,65
22,65,77.0,85,6,61.8,66
15,64,71.2,76,6,60.8,63
23,84,80.4,78,6,79.8,68
29,68,59.0,53,4,64.6,66
19,70,65.8,63,7,66.5,63
22,67,78.4,86,7,63.6,63
24,98,97.4,97,6,93.1,74
18,94,83.8,77,9,89.3,70
21,69,79.2,86,7,65.6,68
20,73,79.6,84,7,69.4,66
21,68,87.2,100,8,64.6,63
15,80,86.0,90,5,76.0,67
20,61,73.0,81,7,58.0,62
23,87,68.4,56,8,82.6,71
29,81,73.2,68,7,77.0,72
26,96,76.2,63,5,91.2,72
33,67,82.6,93,6,63.6,68
15,92,80.0,72,7,87.4,66
25,92,83.0,77,4,87.4,70
21,65,84.8,98,5,61.8,66
33,76,85.6,92,10,72.2,72
15,67,80.2,89,8,63.6,64
15,70,62.2,57,9,66.5,63
16,71,59.0,51,8,67.4,61
7,82,66.4,56,8,77.9,62
17,76,82.6,87,7,72.2,68
15,98,81.8,71,8,93.1,68
21,65,59.6,56,9,61.8,63
22,99,91.8,87,8,94.0,70
31,69,63.6,60,7,65.6,68
26,91,83.8,79,7,86.4,72
17,74,81.8,87,8,70.3,67
15,66,74.4,80,6,62.7,61
23,94,97.6,100,8,89.3,69
12,72,72.0,72,6,68.4,61
31,86,74.0,66,6,81.7,75
27,83,69.2,60,5,78.8,68
17,79,76.6,75,6,75.0,65
10,80,87.8,93,6,76.0,67
28,89,93.8,97,10,84.6,75
19,64,85.0,99,6,60.8,64
27,87,81.0,77,8,82.6,70
10,96,86.4,80,6,91.2,67
16,62,72.2,79,7,58.9,63
20,66,70.2,73,7,62.7,65
20,89,70.4,58,4,84.6,67
17,77,62.6,53,5,73.1,86
24,76,73.6,72,6,72.2,67
14,65,61.4,59,5,61.8,63
19,80,88.4,94,7,76.0,66
21,65,78.8,88,7,61.8,65
23,79,80.2,81,5,75.0,67
24,91,67.6,52,7,86.4,69
13,70,76.6,81,6,66.5,66
11,79,80.2,81,7,75.0,64
28,100,83.2,72,6,95.0,73
22,87,84.6,83,8,82.6,66
16,94,93.4,93,9,89.3,68
29,77,83.6,88,8,73.1,70
21,91,80.8,74,9,86.4,69
27,62,62.6,63,5,58.9,67
20,65,70.4,74,6,61.8,62
32,68,85.4,97,8,64.6,68
31,76,85.0,91,9,72.2,72
19,94,68.2,51,8,89.3,69
26,74,83.0,89,5,70.3,66
24,86,69.8,59,6,81.7,70
28,88,82.6,79,8,83.6,71
14,83,87.2,90,7,78.8,65
24,74,76.4,78,6,70.3,70
26,83,75.2,70,7,78.8,65
9,74,69.2,66,7,70.3,62
13,63,64.2,65,5,59.8,62
8,100,95.2,92,8,95.0,70
18,65,80.6,91,6,61.8,66
24,63,79.8,91,7,59.8,67
29,95,76.4,64,9,90.2,72
20,72,82.8,90,7,68.4,66
30,86,65.6,52,8,81.7,68
12,73,65.2,60,5,69.4,62
10,76,76.0,76,8,72.2,64
20,70,70.0,70,8,66.5,65
22,74,63.2,56,6,70.3,66
20,76,61.6,52,7,72.2,64
8,89,84.2,81,7,84.6,67
19,80,71.6,66,7,76.0,69
12,98,69.8,51,8,93.1,68
24,62,68.0,72,6,58.9,64
22,80,71.0,65,7,76.0,68
14,83,80.6,79,9,78.8,64
17,97,96.4,96,9,92.1,71
14,62,63.8,65,8,58.9,61
20,83,93.2,100,7,78.8,68
26,94,70.0,54,10,89.3,73
14,70,60.4,54,9,66.5,64
23,95,89.6,86,7,90.2,72
17,61,76.6,87,7,58.0,65
15,89,78.2,71,6,84.6,68
19,97,77.2,64,8,92.1,71
14,86,88.4,90,8,81.7,65
17,78,90.0,98,8,74.1,66
13,62,84.2,99,7,58.9,63
32,97,88.0,82,5,92.1,74
20,79,83.8,87,7,75.0,66
16,61,79.0,91,8,58.0,63
21,88,89.2,90,6,83.6,72
19,79,91.6,100,7,75.0,69
19,65,80.6,91,9,61.8,67
24,69,77.4,83,5,65.6,66
25,63,66.6,69,7,59.8,64
17,83,81.2,80,9,78.8,67
17,85,90.4,94,7,80.8,69
18,80,71.0,65,6,76.0,65
6,93,68.4,52,7,88.4,64
11,94,77.2,66,8,89.3,65
28,85,92.8,98,7,80.8,72
30,61,78.4,90,8,58.0,66
19,88,70.6,59,7,83.6,66
23,77,61.4,51,7,73.1,67
22,83,83.0,83,8,78.8,69
38,86,81.8,79,7,81.7,73
27,74,62.0,54,6,70.3,69
19,97,97.6,98,8,92.1,68
14,65,74.6,81,7,61.8,61
10,87,84.6,83,6,82.6,63
21,60,79.8,93,8,57.0,63
15,97,79.0,67,9,92.1,68
11,65,72.8,78,7,61.8,63
16,64,73.0,79,7,60.8,66
14,73,88.0,98,5,69.4,65
30,75,64.2,57,7,71.2,68
25,69,80.4,88,7,65.6,66
20,83,80.6,79,7,78.8,66
29,78,86.4,92,6,74.1,70
20,61,79.6,92,8,58.0,61
15,73,59.8,51,7,69.4,61
29,92,74.6,63,10,87.4,71
23,88,70.6,59,7,83.6,67
14,89,79.4,73,4,84.6,70
19,88,92.2,95,5,83.6,69
15,72,58.8,50,8,68.4,65
12,64,70.0,74,6,60.8,61
26,71,84.8,94,6,67.4,68
31,93,94.8,96,5,88.4,74
12,99,89.4,83,6,94.0,67
23,80,86.6,91,7,76.0,70
16,60,63.6,66,8,57.0,59
17,66,64.8,64,5,62.7,64
16,73,60.4,52,8,69.4,66
15,83,78.2,75,5,78.8,63
20,63,69.0,73,8,59.8,61
15,98,80.6,69,8,93.1,68
22,75,63.6,56,6,71.2,65
20,97,76.0,62,5,92.1,69
19,91,72.4,60,8,86.4,68
15,90,94.2,97,6,85.5,69
17,84,92.4,98,7,79.8,67
25,85,64.0,50,8,80.8,70
23,86,69.8,59,8,81.7,68
14,85,90.4,94,6,80.8,67
21,82,64.0,52,7,77.9,67
25,99,97.8,97,6,94.0,75
10,89,77.0,69,8,84.6,63
23,91,82.6,77,9,86.4,70
16,95,90.8,88,6,90.2,70
23,69,64.8,62,7,65.6,64
15,63,58.2,55,8,59.8,59
9,79,85.6,90,7,75.0,63
10,81,91.8,99,8,77.0,67
20,93,87.0,83,7,88.4,68
22,78,85.8,91,5,74.1,68
15,83,91.4,97,7,78.8,97
24,81,69.0,61,9,77.0,66
10,62,65.6,68,7,58.9,61
20,85,70.6,61,9,80.8,70
13,93,69.0,53,4,88.4,65
16,66,78.6,87,8,62.7,64
20,84,67.8,57,6,79.8,69
15,84,66.6,55,6,79.8,64
18,67,67.6,68,9,63.6,61
26,65,57.8,53,7,61.8,64
17,99,75.0,59,6,94.0,68
25,76,62.2,53,8,72.2,67
13,69,84.0,94,4,65.6,62
23,67,80.2,89,9,63.6,66
29,87,90.6,93,10,82.6,72
5,84,89.4,93,8,79.8,68
15,86,92.6,97,8,81.7,71
23,64,61.0,59,7,60.8,65
19,96,95.4,95,5,91.2,68
22,76,76.0,76,9,72.2,65
16,73,64.0,58,8,69.4,64
21,78,81.0,83,8,74.1,65
19,76,70.0,66,8,72.2,65
27,95,69.2,52,7,90.2,73
22,97,71.2,54,6,92.1,72
22,72,71.4,71,10,68.4,64
18,95,92.6,91,7,90.2,69
17,91,76.0,66,6,86.4,69
17,97,91.6,88,9,92.1,70
22,70,59.8,53,7,66.5,83
17,83,75.2,70,7,78.8,68
22,71,62.0,56,9,67.4,84
32,93,93.0,93,8,88.4,75
25,60,82.8,98,8,57.0,67
18,83,72.8,66,5,78.8,69
27,74,89.0,99,8,70.3,71
18,73,82.0,88,5,69.4,66
8,86,64.4,50,6,81.7,65
14,94,82.0,74,7,89.3,70
9,84,88.8,92,7,79.8,66
18,94,83.8,77,8,89.3,74
20,71,74.6,77,8,67.4,66
30,81,75.6,72,8,77.0,68
22,78,73.2,70,5,74.1,68
19,60,54.6,51,10,57.0,62
25,82,81.4,81,7,77.9,71
7,86,87.2,88,9,81.7,63
21,84,87.6,90,4,79.8,69
25,89,84.2,81,7,84.6,71
11,83,73.4,67,5,78.8,66
27,63,55.8,51,6,59.8,64
22,65,83.0,95,7,61.8,65
18,84,76.2,71,6,79.8,69
24,71,76.4,80,9,67.4,66
34,63,61.2,60,10,59.8,67
21,77,65.0,57,6,73.1,65
21,82,65.2,54,6,77.9,65
17,73,83.2,90,5,69.4,67
15,89,84.8,82,9,84.6,66
25,86,83.0,81,7,81.7,69
15,73,86.8,96,7,69.4,64
20,90,70.8,58,7,85.5,70
17,86,69.8,59,7,81.7,68
23,85,69.4,59,6,80.8,68
22,82,75.4,71,7,77.9,69
26,60,80.4,94,7,57.0,68
17,88,91.6,94,8,83.6,70
18,75,78.0,80,5,71.2,67
14,98,89.0,83,7,93.1,72
17,93,94.2,95,6,88.4,69
22,84,82.2,81,7,79.8,69
25,70,64.6,61,8,66.5,64
14,68,78.2,85,6,64.6,63
25,74,82.4,88,9,70.3,70
28,79,80.8,82,4,75.0,70
22,72,67.2,64,9,68.4,66
31,81,74.4,70,9,77.0,70
15,67,71.2,74,6,63.6,66
13,99,73.8,57,6,94.0,68
9,64,69.4,73,5,60.8,61
29,97,73.6,58,8,92.1,72
24,97,83.8,75,7,92.1,69
20,81,64.2,53,6,77.0,63
22,89,93.8,97,5,84.6,72
13,77,68.0,62,10,73.1,65
35,85,77.8,73,6,80.8,74
21,74,60.8,52,7,70.3,62
21,72,64.8,60,7,68.4,65
24,83,84.2,85,6,78.8,68
23,80,65.6,56,6,76.0,66
21,83,81.8,81,6,78.8,71
15,71,58.4,50,8,67.4,62
23,75,73.8,73,6,71.2,65
31,63,76.8,86,9,59.8,68
28,62,82.4,96,6,58.9,70
30,70,73.0,75,8,66.5,67
17,63,80.4,92,4,59.8,63
14,64,79.6,90,6,60.8,63
19,93,76.2,65,6,88.4,69
20,62,81.2,94,5,58.9,66
27,86,83.6,82,7,81.7,70
10,71,61.4,55,7,67.4,63
29,95,96.2,97,4,90.2,72
19,79,67.0,59,10,75.0,65
17,72,73.2,74,7,68.4,67
14,81,76.2,73,7,77.0,63
10,75,78.6,81,9,71.2,65
25,83,83.0,83,8,78.8,67
20,65,63.2,62,7,61.8,80
12,100,80.8,68,4,95.0,68
12,77,65.0,57,8,73.1,63
18,74,63.2,56,6,70.3,64
30,88,89.8,91,9,83.6,73
18,75,82.8,88,6,71.2,66
11,93,80.4,72,6,88.4,66
19,78,64.2,55,5,74.1,66
18,89,78.8,72,5,84.6,69
4,64,64.6,65,7,60.8,59
20,94,91.0,89,7,89.3,68
19,89,68.6,55,6,84.6,67
24,68,71.0,73,10,64.6,64
31,66,74.4,80,8,62.7,65
27,73,88.6,99,7,69.4,68
18,99,72.0,54,4,94.0,70
13,70,61.6,56,8,66.5,62
35,78,90.6,99,10,74.1,72
20,61,66.4,70,7,58.0,62
20,76,82.6,87,6,72.2,68
20,83,86.6,89,7,78.8,69
21,98,78.8,66,5,93.1,73
19,81,69.0,61,8,77.0,69
17,93,75.6,64,9,88.4,67
17,82,85.6,88,6,77.9,65
20,62,80.0,92,6,58.9,63
17,73,80.2,85,7,69.4,66
16,83,76.4,72,6,78.8,66
21,98,77.0,63,5,93.1,70
18,94,80.2,71,6,89.3,69
29,69,85.2,96,6,65.6,70
4,69,83.4,93,9,65.6,58
27,68,66.8,66,9,64.6,67
27,97,78.4,66,9,92.1,73
8,94,91.0,89,8,89.3,66
18,91,79.0,71,7,86.4,70
18,76,77.8,79,6,72.2,67
12,80,74.6,71,9,76.0,60
15,79,68.8,62,8,75.0,65
13,70,63.4,59,5,66.5,63
31,80,66.2,57,6,76.0,72
26,61,55.0,51,5,58.0,62
28,65,64.4,64,4,61.8,70
24,95,73.4,59,8,90.2,70
13,90,73.8,63,5,85.5,64
17,77,63.2,54,6,73.1,64
23,81,72.6,67,7,77.0,67
13,75,75.6,76,7,71.2,64
24,90,94.2,97,6,85.5,72
19,91,76.6,67,9,86.4,66
18,91,67.6,52,5,86.4,66
24,89,76.4,68,5,84.6,71
23,68,81.8,91,8,64.6,66
18,74,69.8,67,6,70.3,64
27,79,70.6,65,6,75.0,66
14,73,86.8,96,5,69.4,62
24,90,75.0,65,8,85.5,70
24,73,88.6,99,7,69.4,69
18,66,81.6,92,7,62.7,65
22,76,80.8,84,6,72.2,70
12,99,87.6,80,6,94.0,70
26,69,64.2,61,7,65.6,67
19,84,85.8,87,8,79.8,69
17,77,71.0,67,9,73.1,62
26,63,69.6,74,9,59.8,67
16,80,65.0,55,8,76.0,65
12,88,74.2,65,8,83.6,65
11,81,78.0,76,5,77.0,65
24,95,81.8,73,6,90.2,69
12,72,69.0,67,8,68.4,63
31,63,69.6,74,7,59.8,66
8,97,91.0,87,8,92.1,67
30,75,73.8,73,8,71.2,69
21,83,78.2,75,8,78.8,67
19,92,87.8,85,5,87.4,70
17,73,84.4,92,7,69.4,67
22,89,81.2,76,6,84.6,70
20,65,84.2,97,6,61.8,65
27,72,69.6,68,4,68.4,63
21,66,64.2,63,7,62.7,64
21,92,87.8,85,4,87.4,69
18,69,63.0,59,8,65.6,60
20,89,92.6,95,9,84.6,69
22,98,80.6,69,8,93.1,72
10,81,83.4,85,7,77.0,63
12,82,80.2,79,9,77.9,63
24,78,63.0,53,7,74.1,66
21,73,80.2,85,6,69.4,70
19,79,85.6,90,7,75.0,68
20,84,93.0,99,10,79.8,69
22,99,82.2,71,5,94.0,72
17,98,84.2,75,5,93.1,67
15,94,94.0,94,8,89.3,68
21,96,76.2,63,7,91.2,70
14,79,67.0,59,6,75.0,68
22,86,68.6,57,5,81.7,69
10,96,97.8,99,4,91.2,68
26,76,68.8,64,5,72.2,66
23,98,92.0,88,9,93.1,72
22,77,74.0,72,7,73.1,67
26,84,70.8,62,4,79.8,70
30,88,92.8,96,9,83.6,73
26,98,83.0,73,9,93.1,73
9,70,74.8,78,9,66.5,60
12,90,72.6,61,6,85.5,67
16,81,72.0,66,7,77.0,69
20,71,80.6,87,7,67.4,65
23,91,76.6,67,9,86.4,70
16,82,77.8,75,6,77.9,68
21,86,68.0,56,6,81.7,66
15,73,85.0,93,8,69.4,65
16,79,83.8,87,9,75.0,64
12,85,86.8,88,7,80.8,67
14,76,65.8,59,8,72.2,65
12,68,72.2,75,7,64.6,64
14,98,69.8,51,7,93.1,67
26,80,71.6,66,6,76.0,70
14,89,75.8,67,5,84.6,63
36,76,88.0,96,6,72.2,71
23,74,89.6,100,6,70.3,68
21,76,79.0,81,7,72.2,67
15,76,76.0,76,9,72.2,67
24,82,76.0,72,7,77.9,68
17,82,63.4,51,6,77.9,66
21,80,86.0,90,8,76.0,68
35,65,76.4,84,7,61.8,70
19,80,81.2,82,8,76.0,67
27,67,80.8,90,6,63.6,67
16,65,83.6,96,9,61.8,62
20,97,80.2,69,9,92.1,67
31,84,76.2,71,7,79.8,70
16,86,93.8,99,8,81.7,72
31,76,80.2,83,9,72.2,70
24,96,94.2,93,6,91.2,94
17,86,71.0,61,7,81.7,66
24,91,76.0,66,7,86.4,69
26,75,72.0,70,5,71.2,68
24,98,78.8,66,8,93.1,71
11,93,93.6,94,9,88.4,69
16,94,83.2,76,7,89.3,67
19,67,85.6,98,8,63.6,64
20,71,68.0,66,9,67.4,63
24,71,59.6,52,6,67.4,66
21,71,62.6,57,8,67.4,66
12,94,74.2,61,6,89.3,69
22,61,73.6,82,6,58.0,64
24,63,60.6,59,8,59.8,62
23,71,69.8,69,7,67.4,66
26,68,81.2,90,8,64.6,70
25,69,61.2,56,7,65.6,67
23,92,69.2,54,8,87.4,68
20,83,79.4,77,9,78.8,67
10,60,75.0,85,9,57.0,62
23,77,88.4,96,8,73.1,67
21,76,80.2,83,8,72.2,68
22,65,84.2,97,7,61.8,64
12,87,72.0,62,7,82.6,64
14,88,75.4,67,8,83.6,66
26,89,90.8,92,7,84.6,72
20,89,90.2,91,8,84.6,72
24,60,73.8,83,9,57.0,66
20,98,84.2,75,7,93.1,72
20,93,67.8,51,4,88.4,69
26,96,76.8,64,10,91.2,72
17,61,59.2,58,6,58.0,60
21,97,70.6,53,7,92.1,69
17,92,90.2,89,8,87.4,68
17,93,71.4,57,9,88.4,69
18,64,66.4,68,10,60.8,62
21,90,95.4,99,6,85.5,71
17,98,81.2,70,9,93.1,70
28,87,69.0,57,7,82.6,68
15,83,83.6,84,10,78.8,68
19,98,93.2,90,9,93.1,70
17,78,69.6,64,7,74.1,65
29,84,87.6,90,6,79.8,73
21,79,70.0,64,4,75.0,66
26,97,89.8,85,8,92.1,71
11,63,58.8,56,9,59.8,62
22,80,74.6,71,8,76.0,68
25,87,80.4,76,4,82.6,70
20,92,88.4,86,5,87.4,68
26,83,83.0,83,8,78.8,71
17,96,94.2,93,10,91.2,70
28,98,74.6,59,7,93.1,72
34,63,75.0,83,9,59.8,69
18,76,64.0,56,5,72.2,63
17,61,68.8,74,7,58.0,62
29,73,74.8,76,7,69.4,68
29,81,63.0,51,9,77.0,70
17,96,70.8,54,6,91.2,69
17,94,92.8,92,10,89.3,68
18,65,64.4,64,7,61.8,65
12,64,65.8,67,5,60.8,59
14,84,82.8,82,5,79.8,66
14,81,69.0,61,6,77.0,64
15,71,64.4,60,8,67.4,63
20,96,81.0,71,6,91.2,72
21,97,70.6,53,6,92.1,67
29,76,88.0,96,8,72.2,94
14,96,96.6,97,4,91.2,70
26,75,73.2,72,6,71.2,66
19,89,71.6,60,5,84.6,69
20,79,76.0,74,6,75.0,64
24,65,59.0,55,7,61.8,63
13,97,80.8,70,7,92.1,71
22,78,63.6,54,7,74.1,65
21,89,86.6,85,9,84.6,68
23,75,68.4,64,7,71.2,64
22,61,70.0,76,10,58.0,64
35,64,56.2,51,8,60.8,66
16,80,77.6,76,6,76.0,68
17,88,65.2,50,10,83.6,67
16,73,86.8,96,7,69.4,66
17,88,80.2,75,10,83.6,68
16,88,68.2,55,7,83.6,66
27,88,75.4,67,7,83.6,71
29,80,63.2,52,8,76.0,71
17,97,85.0,77,7,92.1,68
15,80,65.6,56,9,76.0,64
23,78,75.6,74,10,74.1,67
17,68,66.2,65,4,64.6,64
24,72,81.6,88,8,68.4,68
21,62,69.2,74,6,58.9,62
11,85,89.2,92,4,80.8,64
29,70,86.2,97,8,66.5,70
31,72,87.6,98,8,68.4,68
16,91,74.2,63,8,86.4,69
18,73,82.0,88,8,69.4,65
22,70,71.2,72,8,66.5,67
22,67,69.4,71,6,63.6,65
24,91,92.2,93,7,86.4,71
32,65,60.2,57,8,61.8,65
19,78,75.6,74,9,74.1,66
15,80,80.0,80,7,76.0,65
12,87,66.6,53,7,82.6,65
16,85,89.8,93,7,80.8,68
20,92,76.4,66,5,87.4,68
31,62,74.6,83,8,58.9,67
17,72,86.4,96,5,68.4,65
21,71,80.0,86,8,67.4,66
20,66,82.8,94,7,62.7,63
27,72,60.6,53,5,68.4,70
35,72,73.8,75,5,68.4,72
17,81,79.2,78,6,77.0,67
17,87,85.2,84,6,82.6,67
26,75,63.6,56,9,71.2,66
24,89,85.4,83,7,84.6,66
31,73,63.4,57,8,69.4,69
24,72,60.6,53,9,68.4,62
18,82,76.6,73,9,77.9,66
24,61,72.4,80,7,58.0,64
27,63,84.0,98,6,59.8,67
25,77,81.8,85,8,73.1,71
23,98,87.2,80,6,93.1,73
26,89,72.2,61,10,84.6,68
27,64,60.4,58,8,60.8,66
28,94,85.6,80,7,89.3,75
24,89,72.2,61,8,84.6,72
19,84,84.6,85,7,79.8,68
21,93,70.8,56,6,88.4,68
27,76,70.6,67,8,72.2,69
15,69,81.0,89,7,65.6,63
22,80,87.2,92,10,76.0,70
18,82,73.0,67,6,77.9,66
20,82,68.8,60,8,77.9,66
28,83,92.0,98,6,78.8,72
21,98,92.0,88,6,93.1,71
20,96,92.4,90,4,91.2,72
12,95,74.6,61,8,90.2,69
24,92,79.4,71,6,87.4,71
24,98,71.0,53,9,93.1,69
33,64,58.6,55,8,60.8,68
18,71,65.0,61,7,67.4,61
21,80,71.0,65,5,76.0,68
21,94,97.6,100,8,89.3,72
29,80,74.6,71,6,76.0,70
19,90,87.0,85,5,85.5,73
22,66,83.4,95,8,62.7,67
24,70,65.2,62,5,66.5,65
21,89,69.8,57,4,84.6,68
17,67,64.0,62,9,63.6,65
21,74,86.0,94,6,70.3,97
26,71,78.2,83,4,67.4,66
14,74,73.4,73,6,70.3,67
21,88,89.8,91,6,83.6,70
16,75,67.2,62,9,71.2,66
27,82,70.0,62,5,77.9,69
11,64,72.4,78,5,60.8,62
17,92,90.8,90,8,87.4,68
22,75,67.8,63,6,71.2,67
29,86,71.0,61,7,81.7,68
20,89,80.0,74,6,84.6,69
17,68,61.4,57,10,64.6,62
31,95,90.2,87,5,90.2,75
11,85,81.4,79,7,80.8,65
7,77,76.4,76,9,73.1,63
23,67,83.2,94,6,63.6,66
17,98,91.4,87,6,93.1,71
14,90,70.2,57,8,85.5,66
24,68,69.8,71,9,64.6,66
21,74,69.2,66,6,70.3,66
17,92,90.8,90,9,87.4,71
12,88,86.8,86,7,83.6,68
25,91,80.8,74,8,86.4,71
24,78,85.8,91,9,74.1,68
19,89,78.2,71,8,84.6,68
31,75,84.0,90,7,71.2,68
14,68,58.4,52,6,64.6,62
11,85,68.2,57,10,80.8,65
16,99,92.4,88,6,94.0,71
20,72,62.4,56,7,68.4,63
21,78,81.6,84,8,74.1,68
19,87,86.4,86,8,82.6,69
22,82,82.6,83,10,77.9,69
12,94,92.2,91,7,89.3,71
29,90,81.6,76,7,85.5,71
20,62,81.8,95,9,58.9,62
27,100,86.8,78,7,95.0,70
22,90,81.0,75,8,85.5,70
23,95,83.0,75,7,90.2,73
23,86,92.0,96,8,81.7,71
23,94,74.8,62,8,89.3,69
24,64,76.6,85,6,60.8,66
28,74,66.8,62,4,70.3,65
21,95,71.0,55,4,90.2,71
24,68,86.0,98,4,64.6,68
19,63,58.8,56,7,59.8,64
29,92,87.2,84,4,87.4,71
16,93,79.8,71,7,88.4,67
31,67,82.0,92,7,63.6,66
20,94,91.0,89,8,89.3,71
11,87,69.0,57,8,82.6,62
21,81,76.2,73,8,77.0,67
16,93,67.8,51,8,88.4,67
25,77,73.4,71,7,73.1,66
16,68,78.2,85,7,64.6,64
17,71,65.6,62,6,67.4,62
9,80,86.6,91,7,76.0,65
17,81,64.2,53,5,77.0,63
5,92,68.0,52,9,87.4,64
10,92,67.4,51,6,87.4,65
25,83,71.6,64,7,78.8,68
25,91,80.2,73,7,86.4,72
23,68,60.2,55,9,64.6,64
14,62,84.8,100,4,58.9,62
20,95,98.0,100,7,90.2,69
20,63,70.8,76,8,59.8,64
13,70,74.8,78,10,66.5,61
29,88,92.8,96,7,83.6,72
25,76,83.2,88,6,72.2,66
19,95,72.8,58,10,90.2,69
20,72,82.8,90,8,68.4,65
21,60,61.2,62,9,57.0,64
8,72,72.0,72,5,68.4,62
19,83,79.4,77,8,78.8,66
16,75,81.6,86,5,71.2,62
14,81,67.2,58,5,77.0,66
18,95,70.4,54,8,90.2,70
31,96,94.2,93,8,91.2,75
24,71,83.0,91,6,67.4,67
17,78,76.8,76,9,74.1,66
23,82,82.6,83,6,77.9,71
28,98,90.8,86,7,93.1,75
26,100,84.4,74,7,95.0,72
20,69,65.4,63,7,65.6,64
16,89,80.0,74,9,84.6,65
24,75,88.8,98,5,71.2,67
22,60,79.2,92,6,57.0,63
25,60,67.8,73,5,57.0,62
24,78,67.8,61,10,74.1,69
26,80,88.4,94,7,76.0,70
17,61,73.6,82,6,58.0,63
28,87,76.8,70,7,82.6,71
21,72,62.4,56,8,68.4,63
32,82,85.6,88,8,77.9,71
16,72,68.4,66,6,68.4,63
30,67,74.8,80,6,63.6,68
21,76,77.2,78,5,72.2,65
16,69,78.6,85,7,65.6,66
17,81,78.6,77,9,77.0,66
18,68,76.4,82,6,64.6,66
23,80,64.4,54,8,76.0,65
23,66,76.2,83,6,62.7,66
17,87,70.8,60,5,82.6,67
20,90,78.0,70,8,85.5,68
33,64,71.2,76,10,60.8,68
30,79,82.0,84,8,75.0,69
23,63,77.4,87,6,59.8,64
20,84,84.6,85,6,79.8,67
21,71,61.4,55,10,67.4,63
24,81,73.8,69,7,77.0,67
14,81,70.8,64,6,77.0,64
18,97,80.8,70,7,92.1,66
10,82,82.0,82,7,77.9,65
22,83,69.2,60,8,78.8,68
24,76,75.4,75,9,72.2,66
17,98,95.6,94,9,93.1,71
29,91,88.6,87,7,86.4,74
13,71,80.0,86,7,67.4,65
11,94,92.8,92,8,89.3,68
21,77,72.8,70,6,73.1,68
26,93,90.0,88,8,88.4,72
30,93,69.0,53,7,88.4,74
17,68,59.0,53,8,64.6,61
26,88,75.4,67,10,83.6,65
20,72,64.8,60,8,68.4,63
19,72,74.4,76,7,68.4,66
25,72,64.2,59,6,68.4,66
24,89,95.0,99,7,84.6,73
11,69,83.4,93,5,65.6,63
29,60,83.4,99,8,57.0,68
28,89,89.6,90,4,84.6,73
16,67,85.6,98,8,63.6,63
22,64,66.4,68,8,60.8,65
23,70,73.0,75,7,66.5,66
22,75,67.2,62,6,71.2,65
17,79,80.8,82,7,75.0,66
16,62,78.2,89,4,58.9,65
20,99,84.6,75,8,94.0,70
27,89,74.6,65,7,84.6,70
23,73,74.2,75,9,69.4,68
18,73,61.0,53,8,69.4,64
25,78,82.8,86,7,74.1,68
3,85,77.8,73,8,80.8,62
27,66,83.4,95,6,62.7,68
10,68,84.8,96,6,64.6,61
18,94,71.2,56,7,89.3,69
13,70,88.0,100,7,66.5,65
12,75,88.8,98,6,71.2,65
27,95,86.6,81,7,90.2,72
17,87,89.4,91,7,82.6,70
22,74,60.2,51,10,70.3,65
20,87,94.2,99,7,82.6,69
23,61,68.2,73,6,58.0,65
20,89,92.6,95,7,84.6,69
12,79,73.0,69,9,75.0,65
26,93,90.6,89,9,88.4,72
17,98,81.8,71,10,93.1,70
11,97,79.6,68,7,92.1,64
17,96,96.6,97,8,91.2,67
29,80,83.0,85,5,76.0,69
25,74,84.8,92,6,70.3,70
18,79,77.8,77,5,75.0,65
18,88,92.8,96,8,83.6,69
18,95,90.2,87,7,90.2,74
32,68,59.6,54,7,64.6,66
22,97,91.6,88,6,92.1,72
23,93,67.8,51,8,88.4,67
26,99,94.2,91,4,94.0,75
21,95,78.2,67,7,90.2,70
18,71,76.4,80,7,67.4,63
19,64,77.8,87,4,60.8,65
20,64,74.8,82,8,60.8,64
20,72,79.2,84,7,68.4,65
24,85,91.0,95,8,80.8,70
20,92,78.2,69,10,87.4,67
24,96,84.6,77,7,91.2,67
20,85,69.4,59,8,80.8,68
20,60,67.8,73,9,57.0,65
8,67,61.6,58,8,63.6,61
25,64,74.8,82,6,60.8,63
22,75,69.6,66,5,71.2,80
26,80,87.8,93,8,76.0,69
3,62,65.0,67,6,58.9,55
33,74,68.0,64,9,70.3,70
19,67,71.8,75,6,63.6,65
27,86,69.8,59,7,81.7,68
14,79,67.6,60,5,75.0,64
24,80,85.4,89,6,76.0,69
14,77,75.8,75,6,73.1,89
16,98,75.2,60,6,93.1,67
31,69,58.8,52,7,65.6,92
19,81,76.2,73,6,77.0,67
21,89,87.8,87,10,84.6,70
25,82,73.6,68,8,77.9,68
23,97,76.0,62,9,92.1,70
21,75,72.0,70,7,71.2,67
22,79,90.4,98,7,75.0,69
34,64,68.2,71,6,60.8,67
20,84,71.4,63,10,79.8,69
21,72,75.6,78,7,68.4,63
26,66,81.0,91,6,62.7,69
27,82,63.4,51,6,77.9,66
27,81,79.2,78,8,77.0,68
24,63,80.4,92,9,59.8,69
13,88,71.8,61,9,83.6,66
30,85,91.6,96,6,80.8,72
13,68,74.6,79,6,64.6,62
22,79,77.2,76,9,75.0,67
15,89,94.4,98,10,84.6,67
20,81,66.0,56,7,77.0,67
22,76,82.6,87,9,72.2,65
22,73,83.8,91,5,69.4,67
23,84,78.0,74,6,79.8,66
30,98,69.2,50,5,93.1,70
23,87,80.4,76,8,82.6,71
19,63,60.0,58,7,59.8,64
26,78,78.0,78,7,74.1,69
27,96,90.6,87,9,91.2,72
13,64,71.8,77,6,60.8,60
24,100,89.2,82,7,95.0,71
24,98,72.2,55,5,93.1,71
18,63,58.2,55,9,59.8,66
28,97,94.6,93,9,92.1,74
19,75,61.2,52,8,71.2,64
21,94,76.0,64,7,89.3,68
19,77,89.0,97,6,73.1,66
20,78,75.0,73,5,74.1,65
13,85,84.4,84,7,80.8,64
11,91,73.0,61,8,86.4,65
30,61,62.8,64,10,58.0,69
15,84,78.6,75,6,79.8,68
14,67,76.0,82,7,63.6,62
7,74,88.4,98,9,70.3,63
16,74,77.0,79,9,70.3,65
12,79,64.6,55,6,75.0,62
30,73,70.0,68,7,69.4,67
26,64,62.8,62,6,60.8,64
16,66,64.2,63,6,62.7,61
34,61,69.4,75,9,58.0,65
26,79,71.2,66,7,75.0,67
18,98,77.6,64,7,93.1,70
5,65,84.8,98,7,61.8,59
34,98,86.6,79,7,93.1,75
12,89,73.4,63,7,84.6,67
10,85,72.4,64,6,80.8,64
26,86,89.0,91,9,81.7,72
35,93,93.6,94,6,88.4,76
28,64,76.0,84,6,60.8,69
23,80,75.2,72,7,76.0,65
24,88,88.0,88,10,83.6,72
25,83,91.4,97,6,78.8,69
25,93,72.0,58,8,88.4,71
22,63,81.0,93,7,59.8,64
21,88,90.4,92,7,83.6,74
20,81,73.2,68,8,77.0,68
15,75,69.0,65,4,71.2,66
18,74,76.4,78,6,70.3,65
10,85,72.4,64,8,80.8,67
19,96,72.6,57,7,91.2,69
14,80,90.8,98,7,76.0,66
13,93,82.2,75,8,88.4,69
21,76,74.8,74,6,72.2,67
28,64,59.2,56,9,60.8,64
26,62,69.8,75,8,58.9,67
11,62,77.0,87,7,58.9,61
14,75,67.2,62,8,71.2,61
26,73,70.0,68,9,69.4,68
14,89,71.0,59,6,84.6,66
19,90,76.8,68,8,85.5,66
23,62,80.6,93,10,58.9,68
14,69,64.8,62,8,65.6,63
21,71,59.0,51,7,67.4,66
12,82,79.0,77,10,77.9,66
16,66,73.8,79,7,62.7,66
22,65,65.6,66,9,61.8,65
10,98,88.4,82,6,93.1,69
23,92,68.0,52,9,87.4,71
20,67,67.0,67,6,63.6,66
23,76,64.6,57,7,72.2,66
21,74,66.2,61,6,70.3,65
28,92,78.2,69,10,87.4,71
21,80,77.0,75,7,76.0,69
17,65,59.0,55,5,61.8,61
21,90,69.0,55,7,85.5,70
23,76,80.8,84,8,72.2,70
20,71,70.4,70,7,67.4,65
20,75,65.4,59,6,71.2,64
16,80,69.2,62,9,76.0,68
16,74,81.2,86,9,70.3,63
12,70,59.8,53,5,66.5,63
30,76,75.4,75,6,72.2,71
13,61,65.2,68,7,58.0,58
16,91,91.0,91,6,86.4,68
16,67,80.8,90,8,63.6,65
25,62,75.2,84,10,58.9,65
18,86,75.8,69,6,81.7,68
27,91,85.6,82,9,86.4,69
16,93,86.4,82,5,88.4,71
22,80,72.2,67,8,76.0,65
15,68,83.6,94,6,64.6,64
33,89,95.0,99,8,84.6,75
13,88,74.8,66,4,83.6,67
22,70,82.0,90,5,66.5,68
24,96,83.4,75,8,91.2,72
22,64,69.4,73,6,60.8,67
19,99,81.0,69,7,94.0,72
19,94,76.6,65,10,89.3,69
20,88,92.8,96,7,83.6,68
19,98,91.4,87,8,93.1,70
26,89,78.8,72,6,84.6,69
33,68,80.0,88,5,64.6,67
17,78,82.8,86,7,74.1,63
12,63,63.0,63,5,59.8,61
19,76,65.8,59,6,72.2,66
35,90,91.2,92,7,85.5,73
15,75,84.6,91,7,71.2,67
30,73,89.2,100,8,69.4,72
30,84,64.2,51,8,79.8,69
17,95,84.2,77,5,90.2,69
23,62,75.8,85,6,58.9,63
30,75,77.4,79,4,71.2,67
18,66,78.0,86,6,62.7,63
19,88,69.4,57,8,83.6,66
17,64,55.6,50,9,60.8,62
14,87,67.8,55,7,82.6,68
16,71,69.8,69,9,67.4,65
13,68,66.8,66,8,64.6,59
20,97,95.2,94,7,92.1,72
15,61,56.8,54,6,58.0,63
21,78,74.4,72,4,74.1,68
11,61,83.2,98,9,58.0,61
22,79,76.6,75,7,75.0,65
25,80,66.2,57,9,76.0,68
8,73,68.2,65,6,69.4,61
22,65,74.6,81,10,61.8,63
27,75,60.6,51,7,71.2,67
13,87,93.6,98,6,82.6,66
30,91,83.2,78,7,86.4,75
23,81,83.4,85,7,77.0,68
16,84,78.6,75,7,79.8,65
20,68,86.0,98,6,64.6,64
23,71,75.8,79,4,67.4,67
20,66,76.2,83,6,62.7,64
23,70,83.8,93,9,66.5,67
14,69,83.4,93,6,65.6,63
21,81,63.0,51,4,77.0,67
12,83,71.6,64,5,78.8,65
19,98,76.4,62,7,93.1,70
15,68,57.2,50,6,64.6,62
16,86,90.8,94,7,81.7,69
27,93,76.8,66,6,88.4,70
27,82,73.0,67,9,77.9,68
24,70,61.0,55,8,66.5,68
13,71,87.8,99,10,67.4,64
18,62,79.4,91,6,58.9,63
27,72,76.2,79,7,68.4,68
21,90,89.4,89,9,85.5,67
34,62,78.2,89,8,58.9,68
22,69,77.4,83,6,65.6,66
21,88,70.6,59,8,83.6,67
18,91,88.0,86,8,86.4,69
21,78,78.0,78,4,74.1,68
19,88,86.8,86,6,83.6,70
24,76,76.6,77,7,72.2,68
26,66,85.2,98,9,62.7,66
15,76,79.0,81,8,72.2,67
12,83,80.6,79,6,78.8,65
9,98,94.4,92,6,93.1,67
23,63,66.6,69,8,59.8,63
13,80,71.6,66,4,76.0,64
7,73,74.2,75,6,69.4,64
22,80,79.4,79,9,76.0,66
35,61,61.0,61,7,58.0,68
20,73,79.6,84,6,69.4,67
25,93,91.2,90,5,88.4,72
20,82,80.2,79,8,77.9,67
19,78,76.8,76,7,74.1,66
26,71,67.4,65,7,67.4,66
18,72,85.8,95,8,68.4,67
22,75,82.8,88,7,71.2,65
22,93,81.6,74,7,88.4,70
16,99,89.4,83,5,94.0,69
26,78,71.4,67,5,74.1,69
19,76,62.2,53,8,72.2,66
15,94,73.6,60,8,89.3,66
23,77,63.2,54,8,73.1,67
15,82,77.8,75,6,77.9,67
20,69,76.2,81,8,65.6,67
20,90,77.4,69,6,85.5,72
27,81,78.6,77,9,77.0,68
23,92,69.2,54,6,87.4,70
20,91,89.2,88,6,86.4,69
25,69,58.8,52,7,65.6,65
28,89,84.8,82,8,84.6,72
23,92,80.0,72,7,87.4,69
20,74,65.0,59,7,70.3,68
12,67,72.4,76,6,63.6,62
14,60,77.4,89,7,57.0,60
18,78,73.8,71,7,74.1,67
16,74,70.4,68,6,70.3,67
19,82,67.0,57,7,77.9,67
20,68,75.2,80,7,64.6,63
23,94,92.2,91,10,89.3,71
20,70,74.8,78,6,66.5,66
23,69,62.4,58,6,65.6,65
20,79,81.4,83,7,75.0,69
8,80,63.2,52,6,76.0,63
14,69,82.8,92,5,65.6,64
19,71,86.0,96,5,67.4,67
13,67,74.8,80,6,63.6,62
24,89,92.0,94,6,84.6,68
29,91,68.8,54,5,86.4,71
27,78,67.8,61,7,74.1,66
19,89,75.2,66,4,84.6,69
29,89,89.0,89,8,84.6,71
21,66,70.8,74,6,62.7,66
18,99,79.8,67,6,94.0,72
16,93,72.0,58,8,88.4,70
18,68,81.8,91,8,64.6,65
18,67,57.4,51,6,63.6,64
21,65,66.2,67,8,61.8,63
21,66,63.6,62,9,62.7,63
20,90,69.6,56,5,85.5,66
23,79,67.0,59,8,75.0,68
27,91,81.4,75,5,86.4,74
26,90,78.6,71,9,85.5,71
11,84,79.2,76,6,79.8,67
5,87,86.4,86,6,82.6,66
26,61,81.4,95,9,58.0,67
12,72,62.4,56,8,68.4,62
19,86,66.8,54,6,81.7,68
13,60,63.6,66,7,57.0,62
9,61,70.6,77,6,58.0,82
23,94,70.6,55,5,89.3,70
25,87,86.4,86,7,82.6,72
17,71,75.2,78,6,67.4,64
4,88,87.4,87,6,83.6,66
17,92,77.6,68,9,87.4,68
22,72,70.8,70,6,68.4,64
11,61,78.4,90,7,58.0,61
21,97,76.6,63,9,92.1,69
20,74,71.0,69,7,70.3,68
23,64,56.2,51,6,60.8,64
21,80,78.8,78,7,76.0,67
14,91,92.2,93,8,86.4,67
27,69,58.2,51,8,65.6,65
19,71,77.0,81,10,67.4,68
20,70,83.2,92,6,66.5,67
14,100,85.0,75,7,95.0,67
17,68,66.8,66,5,64.6,64
15,83,93.2,100,8,78.8,70
19,97,70.6,53,7,92.1,69
30,66,63.0,61,7,62.7,66
12,99,96.0,94,6,94.0,69
10,98,78.2,65,6,93.1,66
29,95,92.6,91,7,90.2,73
19,69,67.8,67,6,65.6,66
16,85,88.6,91,7,80.8,69
26,90,86.4,84,7,85.5,70
16,99,83.4,73,5,94.0,71
31,67,72.4,76,5,63.6,70
24,91,71.8,59,6,86.4,69
17,74,63.2,56,9,70.3,63
33,67,78.4,86,6,63.6,71
16,77,86.0,92,7,73.1,67
24,92,88.4,86,5,87.4,73
22,79,89.2,96,6,75.0,68
28,82,89.8,95,5,77.9,69
29,100,93.4,89,8,95.0,76
20,76,87.4,95,5,72.2,68
15,85,68.8,58,8,80.8,65
23,75,82.2,87,8,71.2,66
16,76,83.2,88,7,72.2,65
32,88,70.0,58,8,83.6,69
21,98,96.2,95,10,93.1,71
18,82,62.8,50,8,77.9,66
21,91,79.6,72,5,86.4,69
12,64,56.2,51,9,60.8,59
14,68,72.8,76,7,64.6,65
27,80,74.6,71,10,76.0,72
16,61,73.0,81,6,58.0,60
14,70,80.8,88,9,66.5,64
23,81,85.2,88,7,77.0,69
27,61,76.0,86,10,58.0,70
24,71,61.4,55,7,67.4,67
26,81,75.0,71,10,77.0,67
15,83,87.8,91,8,78.8,64
11,97,88.6,83,8,92.1,68
29,86,84.8,84,10,81.7,72
18,77,67.4,61,6,73.1,65
18,97,78.4,66,8,92.1,70
28,91,95.2,98,7,86.4,75
23,68,82.4,92,7,64.6,65
23,65,60.8,58,7,61.8,63
33,87,81.0,77,8,82.6,71
16,82,77.8,75,8,77.9,66
26,92,80.0,72,6,87.4,69
20,90,80.4,74,7,85.5,68
22,85,83.2,82,4,80.8,71
29,99,98.4,98,8,94.0,77
23,81,88.8,94,10,77.0,70
23,65,82.4,94,7,61.8,66
26,93,88.2,85,5,88.4,73
18,70,58.6,51,8,66.5,62
15,91,79.6,72,6,86.4,65
14,98,84.8,76,7,93.1,71
8,88,90.4,92,8,83.6,66
32,84,91.2,96,8,79.8,72
13,78,75.0,73,9,74.1,64
19,75,69.0,65,7,71.2,63
18,74,69.8,67,7,70.3,63
22,85,81.4,79,8,80.8,72
25,90,74.4,64,7,85.5,71
25,87,92.4,96,6,82.6,72
17,68,69.8,71,8,64.6,65
19,80,92.0,100,5,76.0,67
22,92,69.8,55,7,87.4,68
19,79,67.0,59,5,75.0,66
30,81,78.0,76,6,77.0,72
23,91,92.2,93,6,86.4,71
24,86,75.2,68,6,81.7,70
24,76,85.6,92,9,72.2,68
27,96,81.0,71,9,91.2,72
21,67,82.6,93,9,63.6,66
12,100,78.4,64,7,95.0,69
22,65,70.4,74,6,61.8,65
16,61,62.8,64,8,58.0,62
17,96,75.0,61,7,91.2,69
24,70,70.6,71,7,66.5,65
27,89,75.8,67,4,84.6,69
20,92,90.2,89,8,87.4,69
22,94,89.8,87,8,89.3,73
30,100,80.8,68,7,95.0,75
21,72,88.8,100,8,68.4,70
36,88,94.6,99,8,83.6,74
23,65,83.6,96,6,61.8,65
9,76,77.8,79,7,72.2,63
25,94,80.2,71,5,89.3,74
22,75,69.6,66,9,71.2,67
28,84,64.2,51,8,79.8,71
24,80,81.2,82,6,76.0,68
19,86,81.2,78,8,81.7,69
13,99,88.2,81,7,94.0,71
19,62,72.2,79,6,58.9,66
15,83,67.4,57,7,78.8,65
17,95,89.0,85,8,90.2,66
24,79,72.4,68,8,75.0,65
30,63,70.8,76,10,59.8,67
22,82,73.6,68,7,77.9,70
13,73,59.8,51,7,69.4,63
23,66,82.8,94,8,62.7,64
27,94,71.8,57,7,89.3,71
16,81,79.8,79,6,77.0,68
19,97,95.2,94,6,92.1,72
20,92,73.4,61,4,87.4,71
15,88,77.8,71,8,83.6,64
24,60,65.4,69,5,57.0,64
19,77,63.2,54,6,73.1,66
23,68,69.8,71,7,64.6,68
15,96,82.8,74,7,91.2,68
17,67,57.4,51,10,63.6,65
24,71,72.8,74,5,67.4,67
18,81,65.4,55,10,77.0,64
30,71,85.4,95,9,67.4,70
18,68,77.0,83,8,64.6,65
21,84,65.4,53,9,79.8,65
26,64,80.2,91,8,60.8,68
11,62,65.6,68,4,58.9,61
9,75,66.6,61,8,71.2,63
11,89,73.4,63,5,84.6,65
28,82,80.8,80,6,77.9,69
17,77,63.2,54,7,73.1,64
35,83,65.0,53,6,78.8,69
17,75,78.6,81,8,71.2,67
21,97,98.2,99,7,92.1,74
29,62,69.2,74,8,58.9,66
32,87,77.4,71,7,82.6,72
32,96,96.6,97,7,91.2,73
27,92,74.0,62,6,87.4,73
26,67,64.0,62,5,63.6,63
24,72,85.8,95,7,68.4,69
25,89,84.8,82,6,84.6,71
17,63,57.0,53,9,59.8,63
15,92,87.2,84,5,87.4,69
20,89,90.2,91,10,84.6,72
19,89,74.0,64,7,84.6,68
17,64,67.0,69,7,60.8,62
24,89,71.6,60,6,84.6,68
26,87,84.0,82,8,82.6,71
21,93,87.0,83,7,88.4,67
29,62,56.6,53,7,58.9,65
13,61,74.8,84,8,58.0,60
19,75,79.8,83,8,71.2,68
16,66,57.6,52,9,62.7,59
9,82,79.6,78,8,77.9,64
20,97,87.4,81,6,92.1,71
19,76,73.6,72,4,72.2,68
29,94,94.6,95,7,89.3,70
24,60,63.6,66,7,57.0,62
14,67,58.6,53,10,63.6,62
31,61,74.8,84,7,58.0,68
27,73,77.2,80,8,69.4,68
23,96,97.8,99,8,91.2,74
19,64,62.8,62,8,60.8,61
14,84,75.6,70,8,79.8,67
18,78,75.0,73,6,74.1,65
27,98,95.0,93,6,93.1,101
31,65,68.6,71,7,61.8,65
29,68,80.6,89,4,64.6,67
17,61,59.2,58,7,58.0,61
13,77,72.8,70,6,73.1,64
21,71,63.2,58,7,67.4,64
9,95,96.2,97,7,90.2,67
22,84,69.0,59,5,79.8,69
19,85,76.6,71,9,80.8,69
17,81,64.8,54,7,77.0,67
10,64,83.2,96,8,60.8,62
23,78,79.8,81,7,74.1,66
17,100,98.8,98,8,95.0,72
13,93,68.4,52,5,88.4,67
3,96,73.8,59,9,91.2,66
20,93,78.6,69,8,88.4,67
31,64,74.2,81,7,60.8,67
30,69,67.2,66,7,65.6,68
17,60,75.6,86,9,57.0,63
16,72,63.6,58,6,68.4,62
23,64,73.6,80,5,60.8,65
14,79,73.6,70,6,75.0,65
22,87,79.8,75,7,82.6,70
25,95,84.8,78,7,90.2,73
27,90,67.8,53,9,85.5,73
19,98,96.8,96,6,93.1,68
19,62,78.2,89,6,58.9,63
15,60,67.2,72,5,57.0,62
15,86,80.6,77,8,81.7,69
19,72,60.0,52,5,68.4,66
22,70,73.0,75,8,66.5,68
25,73,71.8,71,6,69.4,67
15,71,69.8,69,6,67.4,65
29,80,86.6,91,10,76.0,70
18,78,66.6,59,9,74.1,64
20,80,67.4,59,7,76.0,65
16,87,80.4,76,5,82.6,67
5,75,80.4,84,10,71.2,62
25,70,58.6,51,7,66.5,66
24,67,73.0,77,7,63.6,68
18,74,68.6,65,8,70.3,64
20,90,88.8,88,4,85.5,69
23,90,79.8,73,6,85.5,69
11,87,90.0,92,7,82.6,67
17,69,69.6,70,7,65.6,61
25,84,88.2,91,5,79.8,70
12,83,84.8,86,7,78.8,65
22,79,86.2,91,7,75.0,66
12,82,87.4,91,10,77.9,66
23,80,76.4,74,9,76.0,69
20,83,74.0,68,7,78.8,67
10,89,88.4,88,7,84.6,71
27,64,66.4,68,9,60.8,68
16,90,68.4,54,7,85.5,67
15,65,81.8,93,5,61.8,63
21,63,67.2,70,10,59.8,64
27,99,73.8,57,6,94.0,73
14,98,88.4,82,10,93.1,69
20,62,81.2,94,8,58.9,65
23,78,87.0,93,6,74.1,70
24,67,73.6,78,4,63.6,67
21,79,64.0,54,8,75.0,67
18,93,88.2,85,5,88.4,70
15,98,87.2,80,8,93.1,69
21,85,70.6,61,10,80.8,68
14,74,86.6,95,5,70.3,66
2,84,66.0,54,8,79.8,62
23,72,70.2,69,6,68.4,67
25,96,71.4,55,9,91.2,71
6,95,95.6,96,7,90.2,68
14,82,64.0,52,7,77.9,66
24,73,71.8,71,9,69.4,64
32,72,84.6,93,8,68.4,71
20,61,62.2,63,6,58.0,61
16,93,70.2,55,10,88.4,67
19,78,64.8,56,5,74.1,65
28,73,71.2,70,7,69.4,66
16,79,74.2,71,6,75.0,68
15,93,88.8,86,5,88.4,66
17,65,63.2,62,5,61.8,63
14,94,88.6,85,7,89.3,66
21,96,98.4,100,8,91.2,73
30,98,95.0,93,9,93.1,88
22,76,79.6,82,9,72.2,67
18,69,85.8,97,7,65.6,69
18,75,90.0,100,6,71.2,67
11,73,76.6,79,9,69.4,64
25,67,65.2,64,6,63.6,64
20,84,91.2,96,5,79.8,65
19,79,86.8,92,8,75.0,68
39,95,70.4,54,9,90.2,77
22,61,82.6,97,6,58.0,63
15,86,75.2,68,10,81.7,69
17,91,76.0,66,8,86.4,69
27,90,76.2,67,8,85.5,70
21,95,77.6,66,6,90.2,73
11,89,81.2,76,9,84.6,66
26,97,86.2,79,5,92.1,71
16,73,71.8,71,6,69.4,66
31,80,74.6,71,6,76.0,71
26,61,76.6,87,5,58.0,66
17,60,54.0,50,8,57.0,63
28,70,86.2,97,8,66.5,70
20,64,77.2,86,8,60.8,66
25,70,79.0,85,7,66.5,66
23,67,69.4,71,8,63.6,66
15,61,83.2,98,7,58.0,62
16,96,68.4,50,6,91.2,69
26,60,56.4,54,6,57.0,63
18,89,89.6,90,4,84.6,68
18,66,78.6,87,9,62.7,64
14,96,76.8,64,9,91.2,69
23,96,86.4,80,10,91.2,71
32,86,80.6,77,6,81.7,71
14,87,80.4,76,6,82.6,66
20,60,72.0,80,4,57.0,63
28,99,99.6,100,8,94.0,72
20,95,97.4,99,8,90.2,70
23,96,97.8,99,9,91.2,71
14,86,80.6,77,6,81.7,65
23,74,69.2,66,8,70.3,65
19,96,85.2,78,6,91.2,67
26,72,77.4,81,9,68.4,68
27,83,72.8,66,8,78.8,70
36,64,74.8,82,5,60.8,70
23,97,87.4,81,7,92.1,72
22,66,83.4,95,4,62.7,65
21,69,64.8,62,5,65.6,65
18,82,83.8,85,5,77.9,71
22,91,80.2,73,6,86.4,74
18,85,67.6,56,7,80.8,64
21,69,67.2,66,7,65.6,64
28,60,55.8,53,7,57.0,65
14,90,75.6,66,7,85.5,67
27,99,71.4,53,7,94.0,73
28,92,94.4,96,5,87.4,72
19,78,64.2,55,7,74.1,65
7,96,93.0,91,9,91.2,67
16,76,87.4,95,7,72.2,66
28,81,76.2,73,8,77.0,70
20,79,63.4,53,8,75.0,66
14,78,79.2,80,8,74.1,66
17,91,73.6,62,7,86.4,68
25,81,67.8,59,8,77.0,68
23,73,76.0,78,8,69.4,67
19,70,68.8,68,8,66.5,65
18,62,77.0,87,8,58.9,64
18,83,81.2,80,5,78.8,70
14,69,82.2,91,5,65.6,63
30,66,58.2,53,6,62.7,65
18,86,71.6,62,9,81.7,67
27,87,81.6,78,7,82.6,71
29,90,92.4,94,7,85.5,73
26,80,86.6,91,4,76.0,67
17,96,88.8,84,7,91.2,72
22,97,86.2,79,7,92.1,71
20,92,86.0,82,4,87.4,72
15,85,70.6,61,7,80.8,68
22,72,76.8,80,5,68.4,65
13,99,84.6,75,6,94.0,68
27,71,69.8,69,8,67.4,67
17,68,83.6,94,7,64.6,66
21,78,85.8,91,6,74.1,64
22,62,57.2,54,6,58.9,65
18,99,99.0,99,6,94.0,69
24,84,70.2,61,7,79.8,68
17,82,69.4,61,5,77.9,69
25,86,92.6,97,9,81.7,70
12,80,75.2,72,5,76.0,65
21,61,78.4,90,4,58.0,63
32,84,72.0,64,8,79.8,71
14,89,92.0,94,6,84.6,68
16,77,86.0,92,7,73.1,70
23,90,81.6,76,8,85.5,72
21,69,78.6,85,6,65.6,64
22,69,86.4,98,7,65.6,64
23,66,70.2,73,8,62.7,66
24,75,75.0,75,9,71.2,69
27,94,89.2,86,6,89.3,71
22,93,78.6,69,6,88.4,69
19,75,88.8,98,8,71.2,67
24,84,64.8,52,7,79.8,66
31,89,77.6,70,7,84.6,71
19,70,79.6,86,9,66.5,63
14,67,69.4,71,4,63.6,62
27,99,77.4,63,5,94.0,73
19,85,76.6,71,4,80.8,66
7,99,96.0,94,9,94.0,72
25,74,75.8,77,8,70.3,67
17,88,75.4,67,5,83.6,65
19,69,78.0,84,7,65.6,66
22,70,76.6,81,7,66.5,68
21,80,78.8,78,4,76.0,69
24,73,71.2,70,7,69.4,68
17,67,59.2,54,5,63.6,61
23,71,77.0,81,8,67.4,68
18,61,67.0,71,5,58.0,64
24,88,77.8,71,7,83.6,67
24,80,69.2,62,9,76.0,68
14,64,62.8,62,8,60.8,61
27,67,80.2,89,8,63.6,66
17,64,70.0,74,7,60.8,64
25,85,67.0,55,5,80.8,67
22,64,56.8,52,6,60.8,64
31,90,72.6,61,7,85.5,72
19,61,68.8,74,7,58.0,62
18,70,76.6,81,5,66.5,63
20,96,72.6,57,8,91.2,70
18,89,78.8,72,5,84.6,69
25,63,57.6,54,9,59.8,64
10,93,68.4,52,7,88.4,66
14,80,87.8,93,8,76.0,67
14,94,87.4,83,8,89.3,71
26,84,87.0,89,10,79.8,70
30,87,70.2,59,7,82.6,69
19,100,79.6,66,6,95.0,68
19,69,70.8,72,6,65.6,64
20,85,83.8,83,9,80.8,70
27,78,77.4,77,5,74.1,69
14,62,71.6,78,6,58.9,63
21,61,59.2,58,7,58.0,60
26,65,70.4,74,7,61.8,65
23,86,89.0,91,8,81.7,67
21,83,78.2,75,5,78.8,66
26,82,68.8,60,7,77.9,68
4,61,67.0,71,7,58.0,58
24,79,84.4,88,5,75.0,67
16,97,73.0,57,8,92.1,68
9,76,77.8,79,7,72.2,62
23,85,92.8,98,7,80.8,69
28,91,77.8,69,6,86.4,73
19,91,67.6,52,6,86.4,66
26,81,81.6,82,5,77.0,67
30,94,68.8,52,8,89.3,71
28,76,66.4,60,9,72.2,66
30,96,69.6,52,10,91.2,74
24,70,63.4,59,8,66.5,67
20,71,84.2,93,6,67.4,68
10,62,77.0,87,6,58.9,61
19,92,77.0,67,8,87.4,69
15,77,87.8,95,7,73.1,65
33,69,77.4,83,7,65.6,71
19,69,70.8,72,7,65.6,61
21,96,70.2,53,9,91.2,70
23,93,89.4,87,6,88.4,70
20,82,74.2,69,9,77.9,69
30,85,73.0,65,7,80.8,70
16,79,70.0,64,6,75.0,67
21,76,60.4,50,6,72.2,63
16,97,91.0,87,7,92.1,70
12,65,60.2,57,8,61.8,61
16,77,76.4,76,6,73.1,64
20,74,60.2,51,8,70.3,65
17,80,80.6,81,6,76.0,65
16,78,72.0,68,7,74.1,66
12,81,81.6,82,5,77.0,66
20,66,58.8,54,8,62.7,63
11,81,70.2,63,7,77.0,66
25,70,61.6,56,9,66.5,64
20,67,76.0,82,8,63.6,65
11,63,58.2,55,7,59.8,62
18,91,85.0,81,9,86.4,71
15,77,65.0,57,8,73.1,63
22,85,92.2,97,9,80.8,70
28,89,78.2,71,6,84.6,70
9,87,68.4,56,8,82.6,65
21,79,62.8,52,8,75.0,66
19,76,70.0,66,5,72.2,66
24,75,87.0,95,9,71.2,68
21,86,68.6,57,5,81.7,68
15,80,86.0,90,5,76.0,69
18,94,80.2,71,4,89.3,71
15,95,92.0,90,8,90.2,69
26,67,83.2,94,5,63.6,68
20,65,86.0,100,6,61.8,67
31,85,65.8,53,8,80.8,72
20,72,82.8,90,7,68.4,68
16,61,56.2,53,6,58.0,60
11,96,78.0,66,5,91.2,68
9,69,76.8,82,7,65.6,65
10,97,82.0,72,8,92.1,67
22,89,82.4,78,8,84.6,70
23,91,95.2,98,10,86.4,70
11,68,81.8,91,6,64.6,61
25,69,68.4,68,5,65.6,68
17,81,80.4,80,7,77.0,67
21,67,58.0,52,7,63.6,62
30,72,72.6,73,7,68.4,66
25,73,77.2,80,6,69.4,69
18,66,78.0,86,4,62.7,66
15,68,84.2,95,5,64.6,64
7,92,75.2,64,8,87.4,66
16,67,83.8,95,7,63.6,63
19,61,74.2,83,8,58.0,62
14,85,66.4,54,8,80.8,65
19,99,81.0,69,8,94.0,68
20,73,73.6,74,8,69.4,65
19,65,66.8,68,7,61.8,63
16,83,66.8,56,7,78.8,68
21,96,85.2,78,4,91.2,72
23,91,70.6,57,6,86.4,69
13,85,91.6,96,6,80.8,66
28,73,85.0,93,7,69.4,68
19,82,77.2,74,6,77.9,64
20,64,57.4,53,8,60.8,61
24,87,81.6,78,6,82.6,67
21,89,83.6,80,9,84.6,68
26,99,96.0,94,6,94.0,74
22,70,59.8,53,6,66.5,67
16,61,75.4,85,6,58.0,64
22,82,79.6,78,6,77.9,69
13,88,70.6,59,9,83.6,63
21,92,70.4,56,7,87.4,67
20,68,78.2,85,7,64.6,65
19,70,68.2,67,6,66.5,67
19,81,92.4,100,7,77.0,68
9,73,86.2,95,7,69.4,62
17,94,84.4,78,7,89.3,70
21,79,80.8,82,7,75.0,67
21,92,71.6,58,9,87.4,89
14,83,90.2,95,7,78.8,65
28,91,80.2,73,5,86.4,69
15,73,74.8,76,7,69.4,64
26,93,93.6,94,6,88.4,74
23,71,58.4,50,8,67.4,64
16,82,77.8,75,7,77.9,64
31,69,76.2,81,9,65.6,67
13,79,66.4,58,6,75.0,63
26,73,61.0,53,7,69.4,68
26,71,74.6,77,5,67.4,66
16,99,85.8,77,7,94.0,68
28,66,66.6,67,5,62.7,68
18,91,92.8,94,7,86.4,69
22,99,78.6,65,7,94.0,71
22,61,70.0,76,7,58.0,65
19,88,70.6,59,8,83.6,67
25,70,58.6,51,7,66.5,65
25,62,67.4,71,5,58.9,65
10,76,76.0,76,6,72.2,80
28,97,91.6,88,7,92.1,74
10,60,67.2,72,7,57.0,59
26,84,72.0,64,7,79.8,69
27,80,80.0,80,9,76.0,66
13,95,79.4,69,7,90.2,66
18,63,62.4,62,8,59.8,65
13,87,92.4,96,4,82.6,67
19,87,81.0,77,8,82.6,69
18,87,70.8,60,10,82.6,68
25,98,89.6,84,9,93.1,73
28,93,91.2,90,6,88.4,71
28,62,77.6,88,10,58.9,67
17,79,79.6,80,7,75.0,67
19,76,76.0,76,7,72.2,66
10,72,82.2,89,7,68.4,63
15,78,82.2,85,7,74.1,65
26,75,77.4,79,4,71.2,67
30,77,80.6,83,8,73.1,69
13,99,74.4,58,7,94.0,67
16,64,56.2,51,7,60.8,66
20,97,97.0,97,7,92.1,74
22,79,89.8,97,6,75.0,69
15,85,87.4,89,7,80.8,66
23,93,78.6,69,9,88.4,69
17,74,64.4,58,8,70.3,63
20,77,71.6,68,7,73.1,65
23,76,82.0,86,7,72.2,64
20,75,70.2,67,7,71.2,64
17,97,92.8,90,6,92.1,69
19,93,87.6,84,7,88.4,73
19,64,74.2,81,8,60.8,62
18,64,83.8,97,7,60.8,62
18,77,87.8,95,6,73.1,68
30,64,77.2,86,7,60.8,66
23,85,70.0,60,8,80.8,68
18,66,84.6,97,5,62.7,66
24,81,69.0,61,6,77.0,69
18,60,65.4,69,5,57.0,62
27,73,83.8,91,7,69.4,68
22,87,70.8,60,8,82.6,67
19,79,80.8,82,9,75.0,65
23,99,83.4,73,9,94.0,69
11,95,86.6,81,6,90.2,67
13,74,88.4,98,7,70.3,64
13,62,78.8,90,6,58.9,62
21,94,76.6,65,9,89.3,71
30,96,70.2,53,9,91.2,72
33,93,96.0,98,7,88.4,74
24,65,73.4,79,6,61.8,66
23,100,75.4,59,4,95.0,72
9,70,76.6,81,5,66.5,65
17,89,66.8,52,4,84.6,67
15,96,73.8,59,5,91.2,70
16,69,76.8,82,10,65.6,62
19,96,80.4,70,5,91.2,66
17,72,68.4,66,5,68.4,65
8,99,89.4,83,6,94.0,70
24,71,84.2,93,10,67.4,69
14,98,89.6,84,7,93.1,70
21,62,68.6,73,8,58.9,66
32,88,85.0,83,7,83.6,73
14,81,83.4,85,4,77.0,69
5,79,85.0,89,9,75.0,66
18,69,66.6,65,8,65.6,65
27,88,68.8,56,7,83.6,70
32,68,77.6,84,10,64.6,70
13,82,66.4,56,6,77.9,67
23,70,71.8,73,7,66.5,68
17,98,76.4,62,6,93.1,68
19,61,64.6,67,9,58.0,61
36,68,71.6,74,8,64.6,70
11,70,85.0,95,7,66.5,65
22,77,81.2,84,5,73.1,66
23,69,63.0,59,6,65.6,67
27,80,88.4,94,5,76.0,69
21,95,83.0,75,9,90.2,69
22,88,71.2,60,5,83.6,67
18,83,78.8,76,9,78.8,66
22,64,61.6,60,9,60.8,63
18,88,76.0,68,6,83.6,67
24,67,80.8,90,6,63.6,64
18,91,86.2,83,6,86.4,68
22,70,72.4,74,8,66.5,65
20,77,67.4,61,9,73.1,65
27,74,68.0,64,9,70.3,65
20,94,97.0,99,6,89.3,70
9,65,66.2,67,9,61.8,62
28,83,81.8,81,9,78.8,68
15,66,71.4,75,7,62.7,62
16,88,65.8,51,7,83.6,68
16,96,96.6,97,9,91.2,72
28,77,63.2,54,9,73.1,70
7,80,81.8,83,9,76.0,62
39,97,93.4,91,10,92.1,79
26,81,84.6,87,8,77.0,73
21,80,86.0,90,7,76.0,68
20,83,85.4,87,9,78.8,68
22,88,78.4,72,10,83.6,69
23,64,82.6,95,6,60.8,63
24,93,94.8,96,7,88.4,74
23,77,74.0,72,5,73.1,69
21,63,69.6,74,8,59.8,61
19,91,80.8,74,8,86.4,69
19,75,68.4,64,6,71.2,64
19,64,59.2,56,9,60.8,63
27,85,71.8,63,6,80.8,68
24,95,93.2,92,6,90.2,72
2,96,84.6,77,9,91.2,65
24,98,95.0,93,6,93.1,69
21,95,90.2,87,5,90.2,70
20,60,64.2,67,8,57.0,63
18,75,65.4,59,7,71.2,62
27,93,84.0,78,9,88.4,72
26,75,88.2,97,8,71.2,69
15,84,88.8,92,4,79.8,66
22,84,86.4,88,9,79.8,71
14,75,82.8,88,10,71.2,62
12,96,84.0,76,9,91.2,68
16,80,66.8,58,9,76.0,63
25,79,70.0,64,7,75.0,66
26,100,87.4,79,6,95.0,75
23,80,71.6,66,7,76.0,69
24,67,80.2,89,8,63.6,68
23,81,73.8,69,8,77.0,69
16,93,70.8,56,6,88.4,67
23,91,89.8,89,6,86.4,73
25,92,87.8,85,5,87.4,71
25,88,73.0,63,8,83.6,71
27,70,87.4,99,6,66.5,68
24,94,79.6,70,7,89.3,70
22,96,88.8,84,10,91.2,71
26,68,84.8,96,8,64.6,69
20,65,60.8,58,7,61.8,63
15,99,96.0,94,8,94.0,71
19,95,89.0,85,9,90.2,69
16,96,73.2,58,5,91.2,71
16,95,87.8,83,6,90.2,68
19,82,89.2,94,7,77.9,68
15,86,88.4,90,6,81.7,66
18,82,85.6,88,7,77.9,67
9,62,59.6,58,5,58.9,59
21,90,72.0,60,8,85.5,66
20,80,78.2,77,6,76.0,64
15,86,81.8,79,7,81.7,64
24,80,90.2,97,7,76.0,69
26,80,75.8,73,8,76.0,69
10,67,65.8,65,4,63.6,61
15,71,64.4,60,8,67.4,62
15,66,58.2,53,7,62.7,61
14,68,59.0,53,8,64.6,63
25,99,87.0,79,5,94.0,71
19,66,61.8,59,8,62.7,65
18,71,84.2,93,9,67.4,68
8,84,81.6,80,7,79.8,67
24,84,89.4,93,6,79.8,70
13,66,69.0,71,6,62.7,64
20,92,84.8,80,8,87.4,71
22,91,82.0,76,8,86.4,71
28,69,87.0,99,8,65.6,67
12,72,82.8,90,7,68.4,63
2,98,87.2,80,7,93.1,66
21,93,85.2,80,7,88.4,70
31,88,72.4,62,6,83.6,70
27,63,77.4,87,8,59.8,67
21,77,90.2,99,7,73.1,69
17,82,66.4,56,9,77.9,66
25,67,76.0,82,9,63.6,67
14,78,76.8,76,7,74.1,65
23,84,89.4,93,8,79.8,72
23,73,59.2,50,6,69.4,68
26,91,70.6,57,7,86.4,72
37,94,68.8,52,8,89.3,76
22,73,64.0,58,5,69.4,65
17,94,88.6,85,8,89.3,68
20,64,59.8,57,6,60.8,65
9,94,86.2,81,6,89.3,66
16,66,82.2,93,6,62.7,63
18,63,56.4,52,7,59.8,63
17,86,65.0,51,5,81.7,66
21,79,91.0,99,8,75.0,69
15,96,88.8,84,7,91.2,72
27,75,64.2,57,10,71.2,66
20,71,67.4,65,7,67.4,64
20,80,91.4,99,8,76.0,67
18,78,67.8,61,6,74.1,67
21,74,82.4,88,5,70.3,66
25,88,72.4,62,8,83.6,68
15,90,78.0,70,5,85.5,65
16,94,94.0,94,8,89.3,71
18,99,70.2,51,10,94.0,71
12,71,67.4,65,8,67.4,62
15,89,80.0,74,8,84.6,69
17,76,79.0,81,7,72.2,65
25,87,65.4,51,6,82.6,70
22,79,74.2,71,7,75.0,66
21,100,80.2,67,6,95.0,70
25,89,66.2,51,5,84.6,70
19,98,80.0,68,7,93.1,69
22,93,95.4,97,9,88.4,71
19,96,76.8,64,5,91.2,69
22,93,84.6,79,9,88.4,73
17,78,70.2,65,9,74.1,65
5,70,61.0,55,8,66.5,62
19,75,68.4,64,8,71.2,67
29,61,68.8,74,7,58.0,65
26,81,71.4,65,7,77.0,65
26,80,80.6,81,6,76.0,70
27,81,90.6,97,7,77.0,70
21,99,71.4,53,7,94.0,71
21,96,90.0,86,10,91.2,71
16,66,56.4,50,8,62.7,62
18,75,60.0,50,7,71.2,65
24,77,65.0,57,7,73.1,84
27,74,74.0,74,6,70.3,68
19,92,68.0,52,6,87.4,70
17,81,84.0,86,8,77.0,68
20,83,63.8,51,6,78.8,67
24,94,82.6,75,6,89.3,69
11,92,87.2,84,6,87.4,68
6,65,63.2,62,6,61.8,59
17,89,83.0,79,9,84.6,67
13,77,68.6,63,7,73.1,63
17,72,65.4,61,7,68.4,65
19,62,79.4,91,7,58.9,63
17,79,71.8,67,7,75.0,64
29,74,84.2,91,6,70.3,72
22,70,64.6,61,5,66.5,63
22,88,76.0,68,9,83.6,66
24,91,69.4,55,8,86.4,67
13,70,73.0,75,8,66.5,66
26,62,66.2,69,8,58.9,66
20,94,67.6,50,10,89.3,68
24,60,67.8,73,6,57.0,66
14,97,71.2,54,5,92.1,68
11,85,89.2,92,8,80.8,65
25,73,74.2,75,5,69.4,67
22,70,79.0,85,7,66.5,64
15,60,78.6,91,7,57.0,59
15,69,59.4,53,8,65.6,60
27,66,66.6,67,6,62.7,65
13,84,64.2,51,9,79.8,64
30,67,58.0,52,6,63.6,66
15,81,63.6,52,8,77.0,65
24,84,78.0,74,6,79.8,69
18,72,72.6,73,8,68.4,66
24,61,56.2,53,5,58.0,65
17,61,62.2,63,7,58.0,62
19,61,61.6,62,9,58.0,60
20,90,75.0,65,7,85.5,68
14,73,78.4,82,9,69.4,64
24,92,87.8,85,7,87.4,73
17,77,71.0,67,6,73.1,64
19,78,84.6,89,7,74.1,69
14,81,75.0,71,8,77.0,63
5,89,81.2,76,4,84.6,65
19,71,62.6,57,8,67.4,65
34,65,63.2,62,6,61.8,67
25,82,84.4,86,5,77.9,67
20,73,88.6,99,8,69.4,66
18,78,82.2,85,9,74.1,68
20,86,66.2,53,7,81.7,65
23,80,66.2,57,5,76.0,66
13,85,77.2,72,6,80.8,66
27,82,85.0,87,6,77.9,69
24,90,70.8,58,7,85.5,70
24,88,88.0,88,7,83.6,71
23,81,79.2,78,8,77.0,70
20,87,88.2,89,8,82.6,68
24,95,84.8,78,8,90.2,73
24,77,78.8,80,8,73.1,68
18,77,68.0,62,7,73.1,66
17,91,88.0,86,10,86.4,67
21,83,88.4,92,8,78.8,66
29,63,81.6,94,8,59.8,69
13,96,69.0,51,10,91.2,67
11,61,73.0,81,7,58.0,61
21,90,95.4,99,6,85.5,70
20,90,83.4,79,9,85.5,70
21,98,74.6,59,9,93.1,70
21,62,81.2,94,7,58.9,64
19,84,71.4,63,10,79.8,65
29,77,62.0,52,7,73.1,70
10,73,72.4,72,8,69.4,62
15,64,58.6,55,9,60.8,64
19,83,66.8,56,7,78.8,67
10,79,75.4,73,8,75.0,63
19,64,74.2,81,9,60.8,62
30,84,90.6,95,6,79.8,72
20,90,87.0,85,6,85.5,69
21,91,91.6,92,9,86.4,72
12,96,81.0,71,7,91.2,68
16,76,70.0,66,6,72.2,64
18,98,87.2,80,7,93.1,72
18,95,89.0,85,8,90.2,73
28,72,75.6,78,5,68.4,67
23,66,64.2,63,8,62.7,64
13,77,71.6,68,8,73.1,65
21,76,73.6,72,9,72.2,67
23,83,63.8,51,7,78.8,68
27,83,89.6,94,9,78.8,72
29,90,81.6,76,7,85.5,71
14,80,84.8,88,7,76.0,66
15,64,61.0,59,7,60.8,59
12,94,84.4,78,10,89.3,68
19,72,86.4,96,5,68.4,64
23,99,76.2,61,8,94.0,70
26,65,66.2,67,7,61.8,65
20,98,80.6,69,7,93.1,72
18,64,67.0,69,8,60.8,66
21,69,75.6,80,9,65.6,68
15,62,66.8,70,8,58.9,62
33,88,85.6,84,9,83.6,70
10,94,82.0,74,7,89.3,70
21,77,65.6,58,7,73.1,64
32,97,97.0,97,5,92.1,76
20,84,70.8,62,10,79.8,67
19,85,80.8,78,7,80.8,69
18,94,69.4,53,7,89.3,68
19,72,86.4,96,8,68.4,67
28,74,87.2,96,9,70.3,69
7,96,79.2,68,6,91.2,67
29,96,72.0,56,9,91.2,73
11,99,92.4,88,7,94.0,71
18,96,76.2,63,9,91.2,70
17,65,77.0,85,6,61.8,65
24,93,94.8,96,8,88.4,73
10,76,78.4,80,7,72.2,65
23,100,95.8,93,5,95.0,73
32,79,68.2,61,5,75.0,70
12,82,90.4,96,6,77.9,66
21,81,69.0,61,8,77.0,66
16,73,65.8,61,4,69.4,64
23,63,81.6,94,8,59.8,68
20,96,85.2,78,7,91.2,70
16,92,90.8,90,4,87.4,72
23,66,80.4,90,6,62.7,66
31,91,85.6,82,6,86.4,74
19,85,69.4,59,7,80.8,67
24,76,81.4,85,9,72.2,71
12,70,59.8,53,9,66.5,60
14,94,73.6,60,6,89.3,68
23,88,84.4,82,6,83.6,69
29,82,89.8,95,5,77.9,74
22,84,87.0,89,6,79.8,71
18,64,65.8,67,6,60.8,63
20,79,86.2,91,7,75.0,66
12,68,86.0,98,7,64.6,65
24,68,67.4,67,6,64.6,60
25,86,69.8,59,6,81.7,69
17,96,74.4,60,6,91.2,69
17,76,72.4,70,6,72.2,67
22,68,59.0,53,9,64.6,65
17,86,78.8,74,8,81.7,70
20,95,90.2,87,8,90.2,71
33,90,82.2,77,9,85.5,73
19,95,97.4,99,8,90.2,70
18,81,76.2,73,9,77.0,67
16,90,66.6,51,8,85.5,67
24,66,70.8,74,7,62.7,65
19,74,87.2,96,6,70.3,69
16,76,63.4,55,6,72.2,65
28,80,68.6,61,8,76.0,68
29,97,90.4,86,7,92.1,74
16,95,77.0,65,5,90.2,68
9,65,78.8,88,4,61.8,61
26,67,69.4,71,10,63.6,67
16,74,83.6,90,6,70.3,66
25,72,75.6,78,6,68.4,69
8,85,66.4,54,9,80.8,62
25,96,79.8,69,5,91.2,71
13,98,79.4,67,8,93.1,71
24,86,89.0,91,10,81.7,72
20,94,86.2,81,10,89.3,69
14,81,85.8,89,6,77.0,67
18,68,68.6,69,7,64.6,63
24,81,83.4,85,6,77.0,68
21,82,64.6,53,7,77.9,69
24,90,67.2,52,9,85.5,65
32,69,66.0,64,5,65.6,70
11,75,83.4,89,8,71.2,65
30,75,76.2,77,7,71.2,67
21,98,81.2,70,9,93.1,72
15,78,88.2,95,9,74.1,69
12,90,81.0,75,6,85.5,69
19,90,84.6,81,7,85.5,71
26,71,87.8,99,8,67.4,67
19,83,78.8,76,8,78.8,65
29,96,91.8,89,4,91.2,70
11,79,74.2,71,8,75.0,63
20,98,70.4,52,9,93.1,71
12,69,82.8,92,7,65.6,64
22,63,83.4,97,8,59.8,69
25,96,81.6,72,9,91.2,69
17,94,82.6,75,7,89.3,70
4,100,82.6,71,8,95.0,64
21,87,94.8,100,7,82.6,70
23,97,95.8,95,7,92.1,74
22,93,68.4,52,6,88.4,69
27,94,91.0,89,7,89.3,73
14,83,81.2,80,10,78.8,66
24,75,60.6,51,6,71.2,67
27,97,82.0,72,8,92.1,76
9,77,65.0,57,7,73.1,61
22,82,89.2,94,9,77.9,68
17,78,61.8,51,9,74.1,63
20,83,89.6,94,6,78.8,67
22,79,89.8,97,6,75.0,66
17,62,57.2,54,6,58.9,62
16,95,89.6,86,6,90.2,69
20,78,77.4,77,6,74.1,67
13,84,92.4,98,8,79.8,66
13,66,80.4,90,6,62.7,63
24,60,75.0,85,6,57.0,64
13,70,85.6,96,6,66.5,64
24,88,70.0,58,8,83.6,67
23,64,67.0,69,7,60.8,66
10,96,93.6,92,7,91.2,68
16,69,60.6,55,6,65.6,62
27,68,85.4,97,5,64.6,68
14,67,79.0,87,9,63.6,63
17,61,67.6,72,7,58.0,62
23,91,76.6,67,10,86.4,72
25,95,72.2,57,8,90.2,69
18,85,67.0,55,10,80.8,67
16,68,69.8,71,8,64.6,65
29,71,83.6,92,7,67.4,69
30,79,77.8,77,6,75.0,72
26,98,83.0,73,6,93.1,70
21,70,67.6,66,9,66.5,91
15,89,70.4,58,7,84.6,65
15,78,91.2,100,8,74.1,62
23,72,59.4,51,8,68.4,65
23,78,70.8,66,8,74.1,67
28,63,78.0,88,6,59.8,67
24,92,82.4,76,9,87.4,72
11,70,67.6,66,7,66.5,60
26,89,95.6,100,7,84.6,69
14,63,73.8,81,8,59.8,61
18,98,78.2,65,7,93.1,70
22,68,82.4,92,4,64.6,68
32,95,72.8,58,9,90.2,75
39,92,80.6,73,9,87.4,75
24,99,94.8,92,4,94.0,72
19,79,91.0,99,5,75.0,66
23,89,77.0,69,10,84.6,71
25,75,64.2,57,7,71.2,70
18,67,73.6,78,7,63.6,63
31,78,89.4,97,6,74.1,72
21,67,76.6,83,5,63.6,65
23,99,87.6,80,7,94.0,71
24,64,64.6,65,8,60.8,65
23,84,81.6,80,7,79.8,69
25,85,90.4,94,8,80.8,71
16,82,74.2,69,10,77.9,68
17,86,71.6,62,6,81.7,66
13,65,70.4,74,7,61.8,60
23,82,74.2,69,9,77.9,68
25,71,72.2,73,6,67.4,67
23,98,72.2,55,7,93.1,71
30,90,76.2,67,10,85.5,74
20,99,94.2,91,6,94.0,70
24,62,66.8,70,9,58.9,63
13,71,87.2,98,7,67.4,64
18,68,78.2,85,10,64.6,66
24,60,64.8,68,5,57.0,64
25,70,65.8,63,7,66.5,69
18,87,85.2,84,5,82.6,71
20,69,66.6,65,6,65.6,64
11,80,89.6,96,6,76.0,65
18,96,72.0,56,7,91.2,69
25,88,65.8,51,5,83.6,68
23,76,67.0,61,7,72.2,68
23,75,78.0,80,8,71.2,68
20,78,86.4,92,5,74.1,65
20,67,62.2,59,6,63.6,65
16,85,81.4,79,10,80.8,66
24,75,64.2,57,7,71.2,66
23,94,84.4,78,4,89.3,71
23,90,66.6,51,5,85.5,68
17,84,80.4,78,7,79.8,65
7,75,75.6,76,7,71.2,63
27,68,58.4,52,6,64.6,66
17,91,86.8,84,10,86.4,71
15,79,79.0,79,10,75.0,65
24,69,76.2,81,7,65.6,68
18,68,72.8,76,8,64.6,66
26,67,78.4,86,8,63.6,64
24,91,82.0,76,9,86.4,70
24,69,85.2,96,6,65.6,70
12,81,90.6,97,10,77.0,66
27,78,82.8,86,7,74.1,70
22,83,90.8,96,8,78.8,71
18,95,95.6,96,7,90.2,70
21,95,75.8,63,7,90.2,70
9,78,91.2,100,7,74.1,66
22,61,62.2,63,5,58.0,64
14,77,61.4,51,4,73.1,66
12,84,92.4,98,7,79.8,68
11,82,69.4,61,6,77.9,61
27,86,81.8,79,8,81.7,72
16,66,85.8,99,8,62.7,66
29,86,65.6,52,7,81.7,68
17,67,64.6,63,9,63.6,61
10,90,84.0,80,7,85.5,67
13,74,82.4,88,5,70.3,66
27,88,89.2,90,7,83.6,74
19,62,81.2,94,9,58.9,66
17,76,65.2,58,4,72.2,67
21,88,76.6,69,7,83.6,71
23,69,79.2,86,8,65.6,66
27,92,88.4,86,10,87.4,71
29,85,73.0,65,9,80.8,72
18,84,72.6,65,7,79.8,66
12,74,69.2,66,8,70.3,62
18,79,88.6,95,4,75.0,66
22,84,90.6,95,5,79.8,69
14,79,62.2,51,8,75.0,64
14,88,74.8,66,7,83.6,69
22,77,72.8,70,7,73.1,69
20,68,86.6,99,7,64.6,64
20,69,85.8,97,7,65.6,68
15,60,72.6,81,7,57.0,63
19,72,60.0,52,5,68.4,64
14,90,72.0,60,7,85.5,69
25,92,80.0,72,5,87.4,71
26,68,86.0,98,6,64.6,67
9,98,72.2,55,9,93.1,67
14,80,86.0,90,7,76.0,66
11,97,74.8,60,8,92.1,67
16,88,80.2,75,7,83.6,68
19,89,88.4,88,6,84.6,69
11,63,76.2,85,5,59.8,62
14,69,81.0,89,6,65.6,66
14,60,78.6,91,7,57.0,63
21,89,74.6,65,8,84.6,67
20,74,70.4,68,7,70.3,68
16,91,91.0,91,8,86.4,66
21,74,60.8,52,5,70.3,66
17,93,82.8,76,8,88.4,67
18,65,83.6,96,5,61.8,66
30,67,83.2,94,8,63.6,69
28,74,83.6,90,8,70.3,72
12,76,61.0,51,4,72.2,60
25,74,86.0,94,8,70.3,68
25,91,94.0,96,8,86.4,72
13,64,75.4,83,9,60.8,64
25,74,68.6,65,6,70.3,65
29,93,81.6,74,7,88.4,76
13,63,78.0,88,8,59.8,59
14,98,93.8,91,8,93.1,67
26,99,79.8,67,8,94.0,73
22,64,65.2,66,6,60.8,64
23,72,81.0,87,8,68.4,67
22,75,80.4,84,8,71.2,69
22,91,82.0,76,7,86.4,69
12,84,76.2,71,6,79.8,67
26,86,84.2,83,6,81.7,72
27,90,67.2,52,9,85.5,86
19,65,58.4,54,8,61.8,62
20,93,84.6,79,7,88.4,69
11,88,71.8,61,7,83.6,68
23,83,86.6,89,4,78.8,99
23,96,91.8,89,7,91.2,70
20,88,86.2,85,5,83.6,68
27,68,84.2,95,7,64.6,67
18,77,65.0,57,9,73.1,66
23,80,69.8,63,6,76.0,66
14,62,62.6,63,7,58.9,62
20,98,92.6,89,8,93.1,72
19,65,71.6,76,7,61.8,64
21,88,73.0,63,6,83.6,68
18,80,66.2,57,7,76.0,66
19,61,81.4,95,8,58.0,68
25,97,89.8,85,7,92.1,75
17,94,83.2,76,7,89.3,67
10,81,91.2,98,9,77.0,65
30,69,82.8,92,8,65.6,68
28,65,61.4,59,5,61.8,67
12,75,75.0,75,8,71.2,63
24,70,72.4,74,8,66.5,67
17,80,87.2,92,5,76.0,67
22,99,73.8,57,4,94.0,73
22,83,77.0,73,5,78.8,67
19,96,87.6,82,7,91.2,71
15,86,92.6,97,9,81.7,67
16,79,88.6,95,6,75.0,68
15,94,83.8,77,8,89.3,68
15,79,79.6,80,4,75.0,66
20,95,93.8,93,7,90.2,68
16,72,81.0,87,6,68.4,63
24,65,82.4,94,10,61.8,68
29,94,94.6,95,4,89.3,74
17,83,88.4,92,7,78.8,65
21,96,68.4,50,4,91.2,69
23,98,78.8,66,6,93.1,70
23,62,66.8,70,4,58.9,65
20,80,82.4,84,10,76.0,68
24,75,69.0,65,6,71.2,65
23,85,73.6,66,7,80.8,68
13,92,78.8,70,7,87.4,68
25,71,87.2,98,5,67.4,66
25,82,76.0,72,9,77.9,70
15,88,69.4,57,8,83.6,66
20,65,56.0,50,8,61.8,64
24,93,74.4,62,5,88.4,70
19,84,91.8,97,9,79.8,68
26,98,98.0,98,9,93.1,74
34,74,75.2,76,7,70.3,71
15,64,74.8,82,8,60.8,61
12,80,86.0,90,7,76.0,64
22,63,57.0,53,5,59.8,64
24,99,81.0,69,7,94.0,73
19,62,74.0,82,6,58.9,62
29,90,93.0,95,7,85.5,71
12,81,84.0,86,9,77.0,68
24,75,70.8,68,5,71.2,67
16,63,82.2,95,6,59.8,63
30,85,83.8,83,6,80.8,71
32,83,88.4,92,6,78.8,72
15,71,69.8,69,6,67.4,66
17,96,68.4,50,7,91.2,67
25,72,63.6,58,8,68.4,66
18,78,88.8,96,8,74.1,68
20,82,64.0,52,7,77.9,64
20,64,73.6,80,8,60.8,65
8,97,80.8,70,10,92.1,66
20,75,72.6,71,7,71.2,69
16,63,67.2,70,9,59.8,64
17,75,61.8,53,8,71.2,65
29,84,67.2,56,10,79.8,72
12,81,64.2,53,8,77.0,65
25,88,67.0,53,6,83.6,70
18,62,57.2,54,7,58.9,64
18,71,79.4,85,7,67.4,62
25,93,70.8,56,8,88.4,69
22,63,63.0,63,6,59.8,62
23,94,87.4,83,9,89.3,69
26,64,59.2,56,7,60.8,66
18,93,94.8,96,8,88.4,71
16,74,74.0,74,7,70.3,66
13,84,92.4,98,7,79.8,64
15,66,62.4,60,7,62.7,63
38,63,56.4,52,8,59.8,69
27,69,75.6,80,10,65.6,68
12,65,65.6,66,4,61.8,63
12,72,76.2,79,8,68.4,64
23,81,76.8,74,7,77.0,66
23,84,77.4,73,7,79.8,71
23,92,92.6,93,4,87.4,72
18,86,70.4,60,8,81.7,88
19,84,78.6,75,7,79.8,66
22,76,73.0,71,6,72.2,65
21,79,82.0,84,7,75.0,66
7,77,62.6,53,7,73.1,62
19,94,83.2,76,4,89.3,68
15,69,72.0,74,7,65.6,65
21,60,83.4,99,8,57.0,62
38,86,87.2,88,6,81.7,74
22,68,62.0,58,7,64.6,64
18,96,83.4,75,7,91.2,72
26,94,91.0,89,9,89.3,70
23,63,70.8,76,7,59.8,65
23,64,66.4,68,8,60.8,66
24,80,73.4,69,7,76.0,67
32,84,74.4,68,10,79.8,73
13,71,59.0,51,6,67.4,65
23,89,87.8,87,6,84.6,74
14,84,82.2,81,7,79.8,66
23,73,67.0,63,6,69.4,67
14,61,73.6,82,5,58.0,58
17,90,75.0,65,8,85.5,71
18,69,64.8,62,4,65.6,63
26,93,89.4,87,6,88.4,73
26,77,84.8,90,5,73.1,68
13,83,81.8,81,7,78.8,66
20,95,91.4,89,4,90.2,68
16,95,78.8,68,8,90.2,66
12,75,62.4,54,8,71.2,62
19,68,75.2,80,5,64.6,78
18,91,74.2,63,7,86.4,68
35,77,84.2,89,8,73.1,77
23,68,68.0,68,8,64.6,65
12,96,88.8,84,5,91.2,73
17,68,74.0,78,5,64.6,64
26,61,79.0,91,9,58.0,67
33,61,79.6,92,6,58.0,69
10,85,65.8,53,6,80.8,60
9,86,73.4,65,8,81.7,66
31,72,85.2,94,5,68.4,70
22,73,71.2,70,7,69.4,66
15,74,75.2,76,8,70.3,64
23,87,70.2,59,5,82.6,70
4,62,71.6,78,6,58.9,58
20,97,76.6,63,5,92.1,69
22,69,82.2,91,6,65.6,64
26,100,76.0,60,9,95.0,72
14,67,67.6,68,9,63.6,60
21,91,69.4,55,7,86.4,70
14,69,75.0,79,8,65.6,62
22,63,83.4,97,8,59.8,66
15,95,73.4,59,6,90.2,66
18,94,68.2,51,7,89.3,65
14,76,73.0,71,5,72.2,64
24,88,87.4,87,6,83.6,72
25,82,92.2,99,7,77.9,71
19,94,69.4,53,5,89.3,68
20,73,82.6,89,5,69.4,68
11,81,73.2,68,6,77.0,64
18,79,66.4,58,9,75.0,65
20,74,65.6,60,9,70.3,64
36,96,96.0,96,7,91.2,75
13,67,80.8,90,8,63.6,61
29,66,66.0,66,6,62.7,68
26,83,91.4,97,4,78.8,70
22,86,67.4,55,6,81.7,71
31,68,66.8,66,7,64.6,66
22,76,80.2,83,7,72.2,66
22,98,99.2,100,7,93.1,70
20,70,71.8,73,7,66.5,62
27,87,89.4,91,6,82.6,72
27,90,93.6,96,8,85.5,72
16,78,61.2,50,5,74.1,63
12,98,77.6,64,8,93.1,69
19,89,68.6,55,6,84.6,68
15,78,84.6,89,10,74.1,67
20,83,80.0,78,7,78.8,71
27,88,68.2,55,6,83.6,67
17,84,76.2,71,6,79.8,62
20,95,83.6,76,6,90.2,69
20,74,80.6,85,8,70.3,67
25,72,82.2,89,7,68.4,71
7,69,60.0,54,8,65.6,87
16,62,69.2,74,8,58.9,62
21,62,59.6,58,7,58.9,64
27,95,90.8,88,8,90.2,74
17,87,84.6,83,9,82.6,69
9,86,86.0,86,8,81.7,65
24,85,66.4,54,7,80.8,66
16,94,83.2,76,8,89.3,70
13,79,86.8,92,5,75.0,68
16,95,89.6,86,10,90.2,70
19,74,85.4,93,8,70.3,68
16,97,74.8,60,8,92.1,69
7,88,73.6,64,7,83.6,66
25,70,71.2,72,4,66.5,65
28,83,78.8,76,7,78.8,71
24,81,70.2,63,7,77.0,66
13,66,67.8,69,6,62.7,61
19,84,84.0,84,6,79.8,69
20,73,78.4,82,6,69.4,65
24,62,58.4,56,8,58.9,63
24,98,98.6,99,9,93.1,73
16,86,81.2,78,7,81.7,68
20,95,82.4,74,6,90.2,70
23,87,93.6,98,6,82.6,72
29,74,63.8,57,7,70.3,68
24,81,78.6,77,7,77.0,68
25,87,88.8,90,8,82.6,71
21,98,81.2,70,6,93.1,68
28,70,80.2,87,8,66.5,70
22,95,95.0,95,8,90.2,70
15,97,76.6,63,6,92.1,69
28,87,72.0,62,4,82.6,73
24,97,79.6,68,6,92.1,72
17,76,73.0,71,9,72.2,67
17,98,72.8,56,4,93.1,69
22,88,72.4,62,9,83.6,68
23,62,81.2,94,4,58.9,64
21,96,85.2,78,6,91.2,71
22,79,69.4,63,6,75.0,68
30,78,89.4,97,10,74.1,70
26,83,86.6,89,7,78.8,72
21,66,67.2,68,7,62.7,65
26,79,84.4,88,6,75.0,70
14,93,85.2,80,8,88.4,69
22,61,74.8,84,6,58.0,64
31,71,68.0,66,7,67.4,67
19,60,60.0,60,6,57.0,65
15,77,68.6,63,8,73.1,62
16,89,68.0,54,8,84.6,68
13,92,81.2,74,6,87.4,68
15,98,81.2,70,6,93.1,68
18,84,63.6,50,6,79.8,68
12,70,83.8,93,7,66.5,62
20,97,89.2,84,8,92.1,72
25,91,79.6,72,7,86.4,69
15,83,92.0,98,4,78.8,68
29,88,93.4,97,8,83.6,71
23,97,71.8,55,5,92.1,69
26,88,83.8,81,6,83.6,71
16,75,84.6,91,7,71.2,65
25,89,71.0,59,7,84.6,68
13,62,58.4,56,8,58.9,60
25,75,67.8,63,6,71.2,68
21,76,68.8,64,6,72.2,66
23,67,85.6,98,7,63.6,66
13,61,77.8,89,8,58.0,62
15,65,57.8,53,8,61.8,61
24,86,87.8,89,7,81.7,69
14,92,71.6,58,9,87.4,69
23,100,80.8,68,9,95.0,74
12,74,69.2,66,8,70.3,62
25,84,72.0,64,5,79.8,67
13,97,77.8,65,8,92.1,69
23,67,79.6,88,7,63.6,66
24,89,73.4,63,6,84.6,72
16,90,90.0,90,6,85.5,69
23,64,58.6,55,7,60.8,65
22,94,85.6,80,6,89.3,72
17,93,93.0,93,7,88.4,69
14,61,56.8,54,7,58.0,60
8,64,74.8,82,7,60.8,61
22,62,70.4,76,8,58.9,63
11,73,69.4,67,7,69.4,63
21,80,65.0,55,6,76.0,68
18,81,82.8,84,4,77.0,68
24,71,67.4,65,8,67.4,65
18,96,78.6,67,7,91.2,71
18,75,81.6,86,7,71.2,64
24,62,83.0,97,9,58.9,65
22,72,69.0,67,5,68.4,67
22,81,84.6,87,7,77.0,67
23,76,89.2,98,6,72.2,67
11,71,61.4,55,8,67.4,87
25,65,71.6,76,4,61.8,67
24,93,67.8,51,8,88.4,72
14,100,94.6,91,8,95.0,69
19,73,67.6,64,6,69.4,65
20,75,70.2,67,7,71.2,66
19,85,84.4,84,6,80.8,70
22,89,89.0,89,8,84.6,71
29,76,72.4,70,8,72.2,67
26,96,88.2,83,5,91.2,72
12,82,91.6,98,5,77.9,63
24,78,87.6,94,9,74.1,67
28,86,85.4,85,10,81.7,72
22,98,97.4,97,8,93.1,72
27,92,93.2,94,8,87.4,70
32,62,76.4,86,7,58.9,67
26,73,86.8,96,7,69.4,68
21,79,86.2,91,8,75.0,67
26,73,74.2,75,7,69.4,70
21,88,80.2,75,9,83.6,67
20,93,67.2,50,7,88.4,71
18,89,66.8,52,7,84.6,69
29,100,92.2,87,7,95.0,74
15,71,75.2,78,7,67.4,63
29,95,90.8,88,9,90.2,72
23,91,94.6,97,7,86.4,71
12,74,73.4,73,7,70.3,64
22,89,68.0,54,7,84.6,69
7,64,74.2,81,6,60.8,62
24,92,69.8,55,5,87.4,69
25,81,81.0,81,9,77.0,68
16,72,74.4,76,9,68.4,67
21,86,86.0,86,9,81.7,71
32,86,75.2,68,5,81.7,70
17,68,61.4,57,9,64.6,63
14,61,61.6,62,10,58.0,60
29,77,81.2,84,9,73.1,69
32,83,77.6,74,9,78.8,71
20,95,84.2,77,8,90.2,69
26,97,78.4,66,6,92.1,73
28,81,87.6,92,8,77.0,73
16,90,96.0,100,5,85.5,68
17,78,70.8,66,6,74.1,67
27,90,87.6,86,7,85.5,74
30,68,62.6,59,7,64.6,68
23,75,82.2,87,8,71.2,69
15,85,77.2,72,4,80.8,69
32,61,72.4,80,7,58.0,68
17,89,72.8,62,8,84.6,66
18,93,93.0,93,8,88.4,69
22,76,65.8,59,8,72.2,66
29,78,88.8,96,7,74.1,72
25,94,69.4,53,6,89.3,69
22,91,74.8,64,8,86.4,68
23,72,75.6,78,7,68.4,66
20,73,85.0,93,8,69.4,65
23,87,82.2,79,8,82.6,71
5,83,69.8,61,7,78.8,61
18,66,82.2,93,6,62.7,63
21,72,76.8,80,9,68.4,66
13,96,75.6,62,8,91.2,69
22,88,82.0,78,10,83.6,71
19,99,90.0,84,8,94.0,73
31,91,86.8,84,8,86.4,72
29,98,90.8,86,5,93.1,73
17,69,84.6,95,7,65.6,65
19,91,91.0,91,7,86.4,71
20,61,72.4,80,8,58.0,65
17,87,66.0,52,8,82.6,67
21,79,83.8,87,8,75.0,69
15,74,89.0,99,10,70.3,63
13,94,76.6,65,6,89.3,68
24,94,85.6,80,8,89.3,70
24,61,77.2,88,8,58.0,64
15,84,82.8,82,10,79.8,64
25,75,87.6,96,8,71.2,68
16,77,75.2,74,8,73.1,65
22,93,83.4,77,8,88.4,70
25,72,60.0,52,8,68.4,66
20,98,96.2,95,9,93.1,70
23,67,64.6,63,6,63.6,66
17,87,94.2,99,6,82.6,69
19,87,70.8,60,10,82.6,69
19,70,65.8,63,4,66.5,64
16,73,73.6,74,7,69.4,64
19,93,87.0,83,7,88.4,69
11,90,79.2,72,7,85.5,67
17,73,70.0,68,9,69.4,63
18,81,78.6,77,8,77.0,67
18,62,83.6,98,6,58.9,65
19,68,86.0,98,6,64.6,64
20,79,71.2,66,7,75.0,68
23,63,75.6,84,9,59.8,64
25,94,89.2,86,7,89.3,70
16,89,85.4,83,7,84.6,70
13,98,72.8,56,6,93.1,67
14,88,81.4,77,8,83.6,69
17,98,92.0,88,7,93.1,70
18,82,68.8,60,6,77.9,69
15,84,73.8,67,9,79.8,65
12,99,75.6,60,10,94.0,66
17,86,90.8,94,7,81.7,70
21,61,80.2,93,7,58.0,63
24,89,70.4,58,5,84.6,69
17,96,91.2,88,8,91.2,74
18,92,77.6,68,8,87.4,70
14,83,83.6,84,7,78.8,66
20,87,79.8,75,6,82.6,68
15,100,84.4,74,10,95.0,67
23,64,82.0,94,8,60.8,66
9,87,84.0,82,6,82.6,65
18,71,65.6,62,8,67.4,66
22,86,68.0,56,7,81.7,69
21,84,91.8,97,7,79.8,67
36,66,61.2,58,8,62.7,69
22,68,79.4,87,4,64.6,66
14,85,79.0,75,4,80.8,64
19,65,60.2,57,9,61.8,61
9,71,81.8,89,7,67.4,61
20,93,94.2,95,6,88.4,70
15,73,62.8,56,5,69.4,65
25,80,63.8,53,7,76.0,67
17,98,94.4,92,7,93.1,69
19,69,72.6,75,9,65.6,63
16,76,80.8,84,8,72.2,66
30,84,76.8,72,7,79.8,73
18,90,78.6,71,8,85.5,68
31,96,77.4,65,9,91.2,74
25,97,85.6,78,8,92.1,70
23,91,71.2,58,8,86.4,68
22,69,79.2,86,7,65.6,67
22,61,70.6,77,6,58.0,65
8,75,85.2,92,5,71.2,66
18,66,84.0,96,5,62.7,64
25,88,92.2,95,8,83.6,72
20,86,82.4,80,8,81.7,70
12,62,64.4,66,9,58.9,60
20,93,78.0,68,8,88.4,68
30,70,77.8,83,9,66.5,71
27,77,82.4,86,7,73.1,68
20,87,69.6,58,8,82.6,67
26,77,90.8,100,5,73.1,70
18,78,64.2,55,7,74.1,65
10,63,73.2,80,4,59.8,60
14,76,76.6,77,7,72.2,65
29,91,84.4,80,9,86.4,70
18,97,85.0,77,7,92.1,69
19,77,62.6,53,8,73.1,64
18,77,90.8,100,7,73.1,67
31,88,94.6,99,6,83.6,73
30,98,84.8,76,7,93.1,74
33,71,64.4,60,9,67.4,67
19,78,66.6,59,8,74.1,66
22,92,68.6,53,6,87.4,69
11,84,82.2,81,5,79.8,64
29,64,70.0,74,7,60.8,69
13,85,76.6,71,6,80.8,66
21,67,72.4,76,7,63.6,65
13,80,88.4,94,5,76.0,67
16,81,64.8,54,9,77.0,67
15,95,84.2,77,7,90.2,68
16,78,82.2,85,7,74.1,65
17,71,87.8,99,6,67.4,66
17,69,79.8,87,7,65.6,65
25,95,84.2,77,7,90.2,71
13,67,79.6,88,6,63.6,63
21,77,90.8,100,7,73.1,70
27,67,83.2,94,9,63.6,70
17,91,68.8,54,4,86.4,67
16,79,79.0,79,7,75.0,68
19,74,83.0,89,6,70.3,63
27,74,80.0,84,9,70.3,70
21,94,80.2,71,7,89.3,69
17,82,72.4,66,5,77.9,66
23,89,84.2,81,7,84.6,70
13,96,81.0,71,8,91.2,68
24,96,80.4,70,10,91.2,70
22,73,84.4,92,4,69.4,67
18,98,78.8,66,5,93.1,69
15,61,73.6,82,9,58.0,64
15,75,86.4,94,5,71.2,62
23,96,87.0,81,7,91.2,71
27,71,73.4,75,6,67.4,69
16,71,59.6,52,6,67.4,62
23,72,79.2,84,7,68.4,66
7,84,93.6,100,7,79.8,64
16,78,85.2,90,9,74.1,66
20,89,84.8,82,9,84.6,72
15,96,82.2,73,8,91.2,71
14,87,71.4,61,7,82.6,65
16,68,78.2,85,7,64.6,65
22,97,74.2,59,8,92.1,70
19,71,84.8,94,9,67.4,68
7,66,67.2,68,8,62.7,57
7,64,67.6,70,9,60.8,59
16,83,69.8,61,6,78.8,64
23,65,70.4,74,9,61.8,67
4,66,76.8,84,8,62.7,60
17,72,67.8,65,6,68.4,67
17,71,79.4,85,7,67.4,65
28,84,82.2,81,7,79.8,71
18,93,78.6,69,7,88.4,67
22,90,75.6,66,7,85.5,69
21,70,83.8,93,5,66.5,68
7,70,58.6,51,6,66.5,59
25,99,91.2,86,7,94.0,75
21,60,66.6,71,6,57.0,59
23,95,89.6,86,6,90.2,71
44,68,72.2,75,9,64.6,71
7,98,71.6,54,7,93.1,66
30,74,89.0,99,10,70.3,69
18,78,63.6,54,7,74.1,65
22,88,70.0,58,9,83.6,68
20,84,76.2,71,7,79.8,68
17,73,87.4,97,6,69.4,67
17,82,71.8,65,7,77.9,68
22,89,82.4,78,9,84.6,68
11,62,70.4,76,7,58.9,88
25,60,64.2,67,8,57.0,66
18,78,82.2,85,7,74.1,67
13,65,71.0,75,7,61.8,63
17,87,82.2,79,7,82.6,68
28,69,64.2,61,6,65.6,65
17,77,88.4,96,7,73.1,67
22,68,60.8,56,8,64.6,67
16,82,83.8,85,7,77.9,67
25,65,82.4,94,7,61.8,64
24,61,56.8,54,8,58.0,61
31,62,55.4,51,7,58.9,65
19,98,79.4,67,7,93.1,70
24,66,79.8,89,8,62.7,67
21,88,86.8,86,7,83.6,68
28,63,79.8,91,7,59.8,65
16,64,67.6,70,8,60.8,63
24,80,92.0,100,7,76.0,72
19,79,72.4,68,7,75.0,68
20,98,93.2,90,7,93.1,73
21,98,80.0,68,7,93.1,71
22,91,73.0,61,5,86.4,70
19,84,73.8,67,7,79.8,68
21,78,67.2,60,10,74.1,68
29,74,63.2,56,6,70.3,68
26,98,80.0,68,6,93.1,71
25,84,67.8,57,10,79.8,70
17,83,78.2,75,6,78.8,67
15,69,58.8,52,9,65.6,61
26,62,68.0,72,7,58.9,64
25,98,98.0,98,7,93.1,72
29,73,70.0,68,7,69.4,67
16,78,65.4,57,8,74.1,65
19,65,65.0,65,5,61.8,64
10,93,91.2,90,7,88.4,66
18,61,64.0,66,6,58.0,62
26,93,78.6,69,4,88.4,70
17,66,79.8,89,9,62.7,64
24,95,75.8,63,4,90.2,70
19,89,80.0,74,10,84.6,66
22,67,58.6,53,8,63.6,62
13,83,68.6,59,5,78.8,63
21,73,65.2,60,9,69.4,66
2,67,70.6,73,6,63.6,58
19,94,92.2,91,6,89.3,70
10,76,71.2,68,4,72.2,63
27,76,71.8,69,6,72.2,70
25,67,65.8,65,6,63.6,65
23,75,69.6,66,8,71.2,67
29,95,80.0,70,9,90.2,73
14,75,87.0,95,5,71.2,82
30,98,69.8,51,7,93.1,71
26,98,87.8,81,4,93.1,73
19,66,82.8,94,7,62.7,65
27,67,69.4,71,10,63.6,67
13,95,87.8,83,4,90.2,67
15,76,77.8,79,5,72.2,69
16,60,64.2,67,8,57.0,61
17,71,62.6,57,8,67.4,64
14,84,70.2,61,6,79.8,64
27,92,68.6,53,9,87.4,68
18,65,78.8,88,6,61.8,62
22,64,71.8,77,10,60.8,66
17,97,92.2,89,8,92.1,70
9,90,75.0,65,9,85.5,67
22,84,87.6,90,8,79.8,70
9,91,75.4,65,8,86.4,65
20,77,64.4,56,8,73.1,65
12,90,82.2,77,9,85.5,70
32,75,88.2,97,7,71.2,72
25,70,70.6,71,6,66.5,65
21,89,81.2,76,7,84.6,71
28,77,74.6,73,6,73.1,71
15,99,83.4,73,6,94.0,72
23,74,66.2,61,9,70.3,64
21,97,81.4,71,8,92.1,72
22,97,83.8,75,8,92.1,71
28,70,80.2,87,9,66.5,66
24,92,71.0,57,8,87.4,71
22,77,78.2,79,10,73.1,67
10,97,88.6,83,4,92.1,69
14,78,72.6,69,6,74.1,67
19,90,82.2,77,6,85.5,71
21,79,83.2,86,5,75.0,66
13,69,71.4,73,7,65.6,62
34,68,67.4,67,7,64.6,67
29,77,85.4,91,10,73.1,70
24,90,95.4,99,8,85.5,72
20,84,70.2,61,6,79.8,69
19,88,91.6,94,8,83.6,70
14,71,74.6,77,4,67.4,64
20,79,74.8,72,7,75.0,65
22,62,81.8,95,7,58.9,66
13,93,94.8,96,6,88.4,68
22,100,78.4,64,7,95.0,72
19,76,71.2,68,6,72.2,65
9,60,79.8,93,6,57.0,60
15,67,71.8,75,8,63.6,63
18,86,72.8,64,9,81.7,66
31,84,92.4,98,8,79.8,73
23,92,73.4,61,6,87.4,71
12,70,76.6,81,6,66.5,59
23,91,79.0,71,6,86.4,70
11,88,79.0,73,7,83.6,63
26,73,62.2,55,6,69.4,67
17,82,70.6,63,9,77.9,65
19,66,61.2,58,7,62.7,64
28,78,83.4,87,8,74.1,71
12,95,89.0,85,5,90.2,70
12,77,84.8,90,6,73.1,63
16,94,88.6,85,8,89.3,68
26,84,67.2,56,8,79.8,67
11,68,86.6,99,5,64.6,66
3,83,68.6,59,7,78.8,63
17,80,72.8,68,7,76.0,65
23,76,81.4,85,6,72.2,66
27,65,60.2,57,8,61.8,65
17,77,66.2,59,5,73.1,65
18,63,81.6,94,6,59.8,63
27,64,65.8,67,8,60.8,65
9,77,80.6,83,7,73.1,62
18,72,84.6,93,7,68.4,66
21,97,98.2,99,7,92.1,71
23,75,66.6,61,8,71.2,64
17,90,69.6,56,8,85.5,67
20,81,84.6,87,8,77.0,68
5,88,70.6,59,7,83.6,63
16,70,75.4,79,6,66.5,64
23,98,85.4,77,6,93.1,74
14,81,79.2,78,5,77.0,68
20,93,86.4,82,6,88.4,68
23,75,85.8,93,6,71.2,69
18,64,64.0,64,9,60.8,61
21,87,81.6,78,5,82.6,69
14,60,64.2,67,9,57.0,61
19,79,71.2,66,7,75.0,67
24,68,57.8,51,7,64.6,63
21,85,82.0,80,8,80.8,68
16,99,99.0,99,5,94.0,68
21,79,84.4,88,6,75.0,67
24,93,74.4,62,5,88.4,69
8,80,83.6,86,6,76.0,64
27,80,71.0,65,6,76.0,67
18,97,91.6,88,9,92.1,70
23,96,94.2,93,6,91.2,72
27,91,76.6,67,4,86.4,71
12,72,58.8,50,6,68.4,62
16,82,71.8,65,8,77.9,67
18,69,63.6,60,9,65.6,64
15,78,79.8,81,7,74.1,64
30,79,70.6,65,6,75.0,70
15,93,68.4,52,7,88.4,68
17,96,84.6,77,8,91.2,70
21,77,87.2,94,5,73.1,65
13,61,68.2,73,7,58.0,59
18,94,79.0,69,7,89.3,69
22,67,62.2,59,7,63.6,67
18,85,75.4,69,7,80.8,68
19,61,64.6,67,6,58.0,62
17,76,90.4,100,8,72.2,65
11,99,70.8,52,7,94.0,69
22,64,62.8,62,7,60.8,65
31,77,62.6,53,5,73.1,68
20,72,84.6,93,8,68.4,68
21,96,81.0,71,6,91.2,71
24,95,92.0,90,9,90.2,71
12,70,79.0,85,5,66.5,66
30,63,82.8,96,8,59.8,71
21,85,64.6,51,4,80.8,66
30,73,65.2,60,4,69.4,66
16,87,85.8,85,6,82.6,69
31,61,71.8,79,4,58.0,65
25,65,77.0,85,8,61.8,66
23,87,82.2,79,7,82.6,67
21,68,74.6,79,9,64.6,66
19,94,95.8,97,7,89.3,69
27,62,82.4,96,7,58.9,66
21,69,58.8,52,7,65.6,64
8,100,82.6,71,6,95.0,70
13,77,76.4,76,6,73.1,62
19,88,76.0,68,5,83.6,67
22,67,58.0,52,8,63.6,60
20,84,78.0,74,7,79.8,66
27,89,95.0,99,7,84.6,72
8,73,61.6,54,10,69.4,63
21,93,91.8,91,6,88.4,69
9,84,69.6,60,7,79.8,66
25,76,77.8,79,7,72.2,69
19,82,74.2,69,9,77.9,68
23,83,73.4,67,7,78.8,66
15,67,83.2,94,7,63.6,63
28,76,89.8,99,10,72.2,70
26,74,71.0,69,6,70.3,68
24,76,79.6,82,7,72.2,68
19,90,82.8,78,8,85.5,67
23,79,64.0,54,6,75.0,67
16,98,70.4,52,8,93.1,69
25,72,82.2,89,6,68.4,68
30,77,72.8,70,9,73.1,67
26,91,75.4,65,8,86.4,70
16,82,92.2,99,7,77.9,70
22,82,65.2,54,5,77.9,66
12,62,62.6,63,6,58.9,61
23,76,86.2,93,7,72.2,68
23,71,71.0,71,8,67.4,64
9,100,87.4,79,7,95.0,66
13,72,60.0,52,8,68.4,65
18,95,95.6,96,8,90.2,73
18,87,69.0,57,8,82.6,66
13,74,66.2,61,7,70.3,65
22,82,67.6,58,7,77.9,68
22,94,82.6,75,7,89.3,69
19,95,92.6,91,6,90.2,72
15,66,64.2,63,9,62.7,63
26,74,63.8,57,8,70.3,65
30,73,71.2,70,9,69.4,69
17,62,84.2,99,6,58.9,62
16,84,64.2,51,8,79.8,66
23,94,82.6,75,9,89.3,69
18,75,79.8,83,9,71.2,67
19,90,90.0,90,5,85.5,94
24,85,86.2,87,7,80.8,71
9,75,62.4,54,7,71.2,61
28,66,70.2,73,9,62.7,68
20,88,67.6,54,4,83.6,66
18,94,86.2,81,5,89.3,71
19,87,67.2,54,9,82.6,66
20,61,55.6,52,6,58.0,60
10,69,66.6,65,5,65.6,60
29,63,83.4,97,9,59.8,66
20,83,84.2,85,5,78.8,67
23,90,66.0,50,9,85.5,67
26,64,64.0,64,5,60.8,64
14,94,68.2,51,5,89.3,66
23,82,71.8,65,7,77.9,68
18,88,85.6,84,6,83.6,70
25,99,92.4,88,7,94.0,75
7,63,79.2,90,10,59.8,86
19,96,95.4,95,7,91.2,73
16,65,66.8,68,9,61.8,61
23,76,86.2,93,7,72.2,68
23,94,89.2,86,8,89.3,70
16,96,84.6,77,4,91.2,71
16,80,90.8,98,8,76.0,71
19,84,91.8,97,8,79.8,68
15,88,92.2,95,6,83.6,70
25,93,73.2,60,10,88.4,70
18,65,62.0,60,6,61.8,62
3,92,93.8,95,5,87.4,67
18,79,73.6,70,8,75.0,68
14,78,85.2,90,5,74.1,68
10,77,81.2,84,7,73.1,64
13,80,84.8,88,9,76.0,68
21,98,69.8,51,8,93.1,69
28,82,75.4,71,7,77.9,70
22,98,95.0,93,6,93.1,73
16,67,71.2,74,9,63.6,66
23,89,86.6,85,5,84.6,68
17,92,89.6,88,8,87.4,68
16,87,68.4,56,10,82.6,65
13,84,68.4,58,8,79.8,66
9,83,84.8,86,7,78.8,62
18,94,69.4,53,7,89.3,67
21,93,77.4,67,6,88.4,73
19,65,83.6,96,6,61.8,65
18,94,85.0,79,7,89.3,70
14,77,88.4,96,8,73.1,68
24,70,67.0,65,9,66.5,67
12,95,87.2,82,4,90.2,66
25,77,69.2,64,4,73.1,65
14,92,70.4,56,9,87.4,66
15,71,88.4,100,7,67.4,66
11,60,59.4,59,7,57.0,60
17,80,67.4,59,8,76.0,66
26,64,80.8,92,7,60.8,68
23,90,90.0,90,10,85.5,72
26,71,87.8,99,8,67.4,68
23,78,63.6,54,6,74.1,67
13,63,58.2,55,6,59.8,62
18,71,71.6,72,7,67.4,66
15,91,84.4,80,6,86.4,69
28,66,57.6,52,10,62.7,64
13,86,69.2,58,7,81.7,63
25,97,89.8,85,5,92.1,74
25,87,84.6,83,8,82.6,72
31,92,69.2,54,9,87.4,71
18,64,83.8,97,9,60.8,64
24,70,65.8,63,6,66.5,65
34,96,94.8,94,5,91.2,75
16,89,93.2,96,9,84.6,69
11,86,79.4,75,5,81.7,65
9,87,77.4,71,8,82.6,60
24,77,69.2,64,6,73.1,69
9,62,78.8,90,9,58.9,65
18,91,72.4,60,5,86.4,67
23,87,83.4,81,6,82.6,70
21,79,78.4,78,8,75.0,66
23,96,75.6,62,8,91.2,69
21,73,88.6,99,9,69.4,69
28,72,84.0,92,8,68.4,68
14,95,68.6,51,8,90.2,70
16,92,79.4,71,9,87.4,66
15,81,73.2,68,5,77.0,65
25,65,82.4,94,6,61.8,65
25,69,65.4,63,5,65.6,65
23,86,94.4,100,4,81.7,69
27,75,66.0,60,8,71.2,69
13,93,74.4,62,9,88.4,65
30,98,89.0,83,8,93.1,76
29,92,71.6,58,8,87.4,72
24,75,86.4,94,7,71.2,67
31,92,69.8,55,7,87.4,74
10,74,89.0,99,10,70.3,66
17,67,83.2,94,9,63.6,66
16,61,79.6,92,6,58.0,66
24,75,72.0,70,9,71.2,71
14,96,84.0,76,9,91.2,66
25,70,71.8,73,8,66.5,65
28,68,86.6,99,8,64.6,69
24,99,70.8,52,8,94.0,69
22,61,65.8,69,5,58.0,63
14,91,95.2,98,5,86.4,68
15,73,70.0,68,8,69.4,64
27,61,66.4,70,5,58.0,64
25,97,88.0,82,5,92.1,73
20,66,83.4,95,4,62.7,66
17,82,71.8,65,6,77.9,67
8,71,86.6,97,8,67.4,63
14,63,63.6,64,8,59.8,61
31,62,79.4,91,8,58.9,71
12,65,64.4,64,6,61.8,61
21,63,57.6,54,7,59.8,62
26,90,90.6,91,8,85.5,74
12,79,75.4,73,8,75.0,65
21,74,71.6,70,6,70.3,64
26,77,73.4,71,7,73.1,66
20,97,87.4,81,4,92.1,72
37,96,76.2,63,7,91.2,76
10,89,72.8,62,6,84.6,67
26,95,82.4,74,9,90.2,71
19,73,60.4,52,6,69.4,65
25,75,79.2,82,7,71.2,68
23,85,88.6,91,6,80.8,68
16,85,85.6,86,6,80.8,67
21,79,75.4,73,8,75.0,64
9,76,77.2,78,6,72.2,60
24,99,70.2,51,10,94.0,70
22,93,94.8,96,4,88.4,73
24,77,77.6,78,8,73.1,69
26,89,75.2,66,7,84.6,70
22,71,67.4,65,7,67.4,64
21,64,75.4,83,7,60.8,64
15,74,77.0,79,8,70.3,65
16,76,65.8,59,7,72.2,62
27,61,66.4,70,9,58.0,64
29,93,87.6,84,7,88.4,72
19,74,68.6,65,5,70.3,64
20,83,78.2,75,7,78.8,67
15,63,63.0,63,9,59.8,64
27,67,59.2,54,6,63.6,61
24,96,79.8,69,5,91.2,72
32,84,85.8,87,8,79.8,70
15,98,75.8,61,8,93.1,70
18,100,92.8,88,6,95.0,71
21,75,79.8,83,7,71.2,68
24,72,73.8,75,7,68.4,68
19,94,97.0,99,7,89.3,70
15,100,96.4,94,8,95.0,73
25,85,80.8,78,6,80.8,69
24,92,83.6,78,8,87.4,71
15,91,74.8,64,6,86.4,64
28,74,87.2,96,9,70.3,68
27,83,90.2,95,10,78.8,69
21,93,89.4,87,6,88.4,70
20,88,68.8,56,5,83.6,67
23,61,75.4,85,8,58.0,66
15,73,67.0,63,7,69.4,65
20,66,61.8,59,8,62.7,66
7,69,80.4,88,6,65.6,61
25,96,97.2,98,7,91.2,71
11,61,57.4,55,6,58.0,60
29,69,62.4,58,7,65.6,66
18,72,65.4,61,5,68.4,61
19,85,92.8,98,7,80.8,68
16,81,83.4,85,5,77.0,68
18,69,78.0,84,6,65.6,65
29,67,71.8,75,7,63.6,65
5,69,73.8,77,8,65.6,60
28,80,71.0,65,8,76.0,67
22,71,63.2,58,8,67.4,65
13,98,92.6,89,5,93.1,70
14,79,76.0,74,9,75.0,64
30,62,62.6,63,6,58.9,68
14,89,84.8,82,6,84.6,69
13,73,65.2,60,7,69.4,65
27,86,78.8,74,6,81.7,71
22,71,64.4,60,8,67.4,65
14,83,86.0,88,8,78.8,65
21,91,76.0,66,6,86.4,68
14,97,82.0,72,7,92.1,66
27,70,80.8,88,7,66.5,65
26,73,79.0,83,8,69.4,71
23,79,73.6,70,6,75.0,68
22,97,71.2,54,6,92.1,70
31,96,96.0,96,5,91.2,74
20,64,55.6,50,6,60.8,62
13,65,78.2,87,5,61.8,61
23,80,90.2,97,6,76.0,70
33,64,64.6,65,9,60.8,65
14,74,62.0,54,8,70.3,62
18,66,63.6,62,9,62.7,65
22,85,73.6,66,6,80.8,68
20,98,83.0,73,4,93.1,70
14,100,85.6,76,7,95.0,68
27,75,81.6,86,10,71.2,69
34,84,90.6,95,6,79.8,73
21,94,81.4,73,7,89.3,71
15,65,78.2,87,5,61.8,63
11,88,68.8,56,7,83.6,66
22,76,70.0,66,7,72.2,67
27,68,60.8,56,4,64.6,64
23,76,81.4,85,5,72.2,66
20,63,82.2,95,5,59.8,69
16,88,91.6,94,5,83.6,72
13,70,67.6,66,6,66.5,63
25,72,66.0,62,8,68.4,67
25,65,64.4,64,6,61.8,64
11,95,76.4,64,9,90.2,68
30,80,64.4,54,6,76.0,71
23,83,67.4,57,7,78.8,67
28,83,69.8,61,8,78.8,67
12,76,60.4,50,9,72.2,64
12,68,58.4,52,6,64.6,63
19,90,87.0,85,8,85.5,72
23,65,74.6,81,6,61.8,63
31,64,83.8,97,10,60.8,67
24,88,77.2,70,5,83.6,68
19,68,70.4,72,8,64.6,64
14,72,60.6,53,9,68.4,65
27,79,66.4,58,5,75.0,68
14,78,82.2,85,8,74.1,66
30,88,72.4,62,6,83.6,73
18,85,87.4,89,10,80.8,68
30,86,85.4,85,4,81.7,72
24,89,87.8,87,5,84.6,70
19,72,79.8,85,5,68.4,66
17,73,80.2,85,5,69.4,66
18,78,77.4,77,8,74.1,66
23,72,79.2,84,10,68.4,65
20,99,85.2,76,9,94.0,71
16,93,73.2,60,7,88.4,66
19,67,63.4,61,7,63.6,63
20,60,66.0,70,6,57.0,63
7,62,55.4,51,8,58.9,58
23,70,84.4,94,7,66.5,68
14,65,63.8,63,7,61.8,61
13,81,64.2,53,6,77.0,65
10,94,80.2,71,5,89.3,67
9,89,90.2,91,7,84.6,67
12,69,69.6,70,7,65.6,62
16,76,68.2,63,6,72.2,86
32,80,78.2,77,6,76.0,71
17,92,84.2,79,8,87.4,70
21,94,90.4,88,8,89.3,71
22,96,92.4,90,10,91.2,71
21,80,83.0,85,9,76.0,70
20,88,65.2,50,5,83.6,67
13,64,55.6,50,7,60.8,60
29,83,92.6,99,5,78.8,73
31,70,65.8,63,4,66.5,67
10,77,69.2,64,10,73.1,62
14,85,86.2,87,9,80.8,67
18,70,75.4,79,6,66.5,65
14,62,68.6,73,9,58.9,61
23,60,57.6,56,9,57.0,61
16,61,56.8,54,4,58.0,60
33,60,75.0,85,8,57.0,68
27,64,59.2,56,6,60.8,65
21,70,71.2,72,8,66.5,67
26,69,79.8,87,10,65.6,67
27,99,97.2,96,9,94.0,74
17,72,85.2,94,7,68.4,64
15,65,81.8,93,9,61.8,64
20,82,73.6,68,4,77.9,67
25,94,95.2,96,8,89.3,74
21,87,85.2,84,8,82.6,69
11,72,85.2,94,8,68.4,62
15,82,65.2,54,6,77.9,66
20,89,66.8,52,8,84.6,69
20,89,78.2,71,8,84.6,68
32,87,89.4,91,4,82.6,74
12,95,80.0,70,7,90.2,68
23,95,94.4,94,6,90.2,73
29,83,70.4,62,8,78.8,70
34,77,62.0,52,9,73.1,69
18,86,87.2,88,6,81.7,68
23,93,85.8,81,5,88.4,71
23,60,67.2,72,7,57.0,64
21,100,95.2,92,5,95.0,71
19,67,81.4,91,7,63.6,65
23,79,71.2,66,7,75.0,68
5,95,93.2,92,8,90.2,67
24,69,67.8,67,7,65.6,67
21,79,80.2,81,7,75.0,67
19,65,62.0,60,9,61.8,63
32,76,68.2,63,7,72.2,68
16,67,70.0,72,6,63.6,66
18,75,69.6,66,7,71.2,67
32,75,63.6,56,6,71.2,68
15,100,84.4,74,5,95.0,72
17,100,85.6,76,5,95.0,70
19,65,60.8,58,9,61.8,62
25,89,71.0,59,6,84.6,69
21,62,55.4,51,7,58.9,61
12,61,55.6,52,7,58.0,58
17,64,66.4,68,7,60.8,63
16,99,73.8,57,9,94.0,71
20,98,96.8,96,7,93.1,70
23,68,63.2,60,6,64.6,64
23,66,58.2,53,6,62.7,63
9,70,70.0,70,8,66.5,63
26,81,68.4,60,8,77.0,71
22,83,65.0,53,8,78.8,65
28,69,80.4,88,7,65.6,68
23,90,82.8,78,5,85.5,70
27,72,60.6,53,8,68.4,68
23,97,82.6,73,7,92.1,69
28,86,65.6,52,7,81.7,70
23,77,71.6,68,5,73.1,67
19,92,77.6,68,6,87.4,69
34,93,91.8,91,6,88.4,73
25,72,81.0,87,8,68.4,68
23,74,86.6,95,8,70.3,67
12,97,73.0,57,7,92.1,67
12,67,73.0,77,8,63.6,64
22,62,55.4,51,9,58.9,63
21,78,85.8,91,8,74.1,67
16,92,77.6,68,8,87.4,70
21,91,68.2,53,6,86.4,71
30,97,78.4,66,6,92.1,74
24,81,70.8,64,9,77.0,70
13,64,78.4,88,6,60.8,59
19,84,67.2,56,8,79.8,64
15,91,83.2,78,10,86.4,67
18,64,79.6,90,8,60.8,63
18,67,79.0,87,7,63.6,66
17,60,82.2,97,5,57.0,62
12,84,63.6,50,7,79.8,65
19,95,78.8,68,9,90.2,73
17,87,75.6,68,7,82.6,70
2,99,70.8,52,9,94.0,62
32,63,79.8,91,8,59.8,68
27,96,88.8,84,7,91.2,74
18,93,82.8,76,7,88.4,96
20,73,71.2,70,5,69.4,66
13,99,96.6,95,6,94.0,69
30,72,66.6,63,6,68.4,70
31,96,78.6,67,8,91.2,73
21,95,96.8,98,7,90.2,69
26,90,67.8,53,9,85.5,71
21,83,86.6,89,7,78.8,65
12,65,77.6,86,6,61.8,62
18,81,89.4,95,6,77.0,69
21,74,62.6,55,6,70.3,65
17,92,96.2,99,7,87.4,68
19,90,66.6,51,6,85.5,65
19,96,78.6,67,5,91.2,72
20,61,56.8,54,9,58.0,67
20,92,68.6,53,7,87.4,68
14,98,98.0,98,7,93.1,68
16,92,88.4,86,6,87.4,66
12,65,71.0,75,5,61.8,62
26,63,58.2,55,7,59.8,65
7,61,70.0,76,4,58.0,60
27,85,73.6,66,8,80.8,70
28,85,72.4,64,6,80.8,68
18,99,88.2,81,7,94.0,72
4,76,84.4,90,8,72.2,63
18,73,72.4,72,7,69.4,63
20,85,79.0,75,5,80.8,67
14,93,87.0,83,9,88.4,68
17,97,72.4,56,5,92.1,69
29,92,91.4,91,4,87.4,75
24,77,86.0,92,8,73.1,67
14,85,80.2,77,5,80.8,69
10,94,73.0,59,9,89.3,65
18,80,77.0,75,8,76.0,65
19,69,60.6,55,7,65.6,63
23,67,79.6,88,6,63.6,65
17,60,63.6,66,6,57.0,58
23,89,75.2,66,6,84.6,70
32,64,83.8,97,6,60.8,66
25,70,70.6,71,9,66.5,63
20,72,82.2,89,6,68.4,62
19,82,82.0,82,8,77.9,69
18,76,70.0,66,9,72.2,66
27,87,68.4,56,6,82.6,68
16,62,78.8,90,8,58.9,62
20,65,78.8,88,6,61.8,64
20,80,66.8,58,7,76.0,65
17,73,66.4,62,6,69.4,64
12,72,81.6,88,6,68.4,65
22,63,84.6,99,7,59.8,65
20,96,93.6,92,5,91.2,70
23,88,85.6,84,8,83.6,71
17,65,83.6,96,5,61.8,65
27,63,63.6,64,5,59.8,67
15,99,69.6,50,7,94.0,68
30,87,74.4,66,6,82.6,73
10,77,90.2,99,8,73.1,64
23,88,91.6,94,7,83.6,71
23,90,67.8,53,5,85.5,70
15,91,81.4,75,8,86.4,68
23,79,64.0,54,7,75.0,68
28,77,84.2,89,7,73.1,68
7,60,65.4,69,10,57.0,59
23,97,96.4,96,9,92.1,74
5,84,65.4,53,7,79.8,62
14,68,79.4,87,5,64.6,64
30,97,80.8,70,5,92.1,76
17,97,76.6,63,9,92.1,70
13,100,85.6,76,6,95.0,69
19,95,82.4,74,7,90.2,69
32,100,80.2,67,5,95.0,74
9,70,77.2,82,8,66.5,62
14,94,87.4,83,9,89.3,70
29,93,69.6,54,9,88.4,71
31,69,75.6,80,6,65.6,68
19,64,77.2,86,8,60.8,66
13,99,72.0,54,7,94.0,67
33,72,78.6,83,8,68.4,71
30,95,92.0,90,7,90.2,74
24,60,79.2,92,6,57.0,65
15,61,55.6,52,9,58.0,60
20,79,82.6,85,7,75.0,69
19,70,82.0,90,6,66.5,65
22,88,77.2,70,7,83.6,69
29,83,79.4,77,6,78.8,70
25,63,63.0,63,8,59.8,65
14,67,66.4,66,7,63.6,57
28,76,75.4,75,6,72.2,68
22,67,61.6,58,10,63.6,67
24,92,78.2,69,5,87.4,70
29,77,69.8,65,8,73.1,68
13,64,62.8,62,7,60.8,62
20,79,76.0,74,5,75.0,67
17,64,80.8,92,6,60.8,66
11,65,63.2,62,5,61.8,60
22,70,77.8,83,10,66.5,65
35,94,75.4,63,7,89.3,75
9,97,73.0,57,7,92.1,67
20,93,95.4,97,10,88.4,71
24,73,78.4,82,6,69.4,63
21,71,61.4,55,9,67.4,67
19,82,82.0,82,8,77.9,68
12,89,71.0,59,4,84.6,65
21,100,96.4,94,6,95.0,72
15,65,63.2,62,8,61.8,61
7,62,78.8,90,7,58.9,60
27,88,71.2,60,7,83.6,72
26,93,84.0,78,6,88.4,72
20,94,95.2,96,6,89.3,70
21,87,73.8,65,7,82.6,67
26,98,71.6,54,10,93.1,71
21,80,78.8,78,6,76.0,66
25,97,74.2,59,6,92.1,72
18,99,91.2,86,7,94.0,70
28,94,85.6,80,5,89.3,71
22,72,69.0,67,8,68.4,64
21,68,78.2,85,5,64.6,66
12,82,70.0,62,5,77.9,64
22,78,88.8,96,5,74.1,67
15,95,78.2,67,5,90.2,67
16,64,78.4,88,9,60.8,64
15,70,65.8,63,8,66.5,61
14,90,87.6,86,8,85.5,99
33,64,56.8,52,8,60.8,67
28,73,68.2,65,7,69.4,72
32,75,63.0,55,7,71.2,66
13,85,77.8,73,9,80.8,68
20,66,69.6,72,9,62.7,64
12,94,78.4,68,5,89.3,69
16,78,90.6,99,10,74.1,65
14,97,76.0,62,5,92.1,66
27,79,85.6,90,6,75.0,73
18,71,71.6,72,7,67.4,63
26,66,66.6,67,7,62.7,66
24,60,60.0,60,10,57.0,65
34,81,81.6,82,9,77.0,71
11,64,65.8,67,8,60.8,58
28,76,85.0,91,9,72.2,68
27,84,92.4,98,8,79.8,69
14,71,65.0,61,6,67.4,63
26,67,60.4,56,8,63.6,66
22,91,76.0,66,7,86.4,69
19,98,83.0,73,6,93.1,69
15,64,64.6,65,9,60.8,63
16,66,85.8,99,7,62.7,65
32,98,92.6,89,5,93.1,76
20,62,83.6,98,6,58.9,67
25,99,81.0,69,8,94.0,70
15,60,63.0,65,9,57.0,60
15,95,80.0,70,8,90.2,68
26,72,74.4,76,8,68.4,68
12,98,91.4,87,6,93.1,70
18,73,85.6,94,7,69.4,68
20,86,78.2,73,7,81.7,69
21,63,63.6,64,7,59.8,62
19,70,67.6,66,7,66.5,64
22,91,87.4,85,6,86.4,71
24,81,79.2,78,8,77.0,68
24,97,83.2,74,5,92.1,72
14,77,66.8,60,5,73.1,64
18,95,94.4,94,6,90.2,73
27,78,84.6,89,8,74.1,69
25,99,73.8,57,8,94.0,70
12,98,80.0,68,4,93.1,69
22,73,75.4,77,8,69.4,64
8,95,81.8,73,7,90.2,66
20,94,79.6,70,6,89.3,69
31,68,78.8,86,7,64.6,68
14,85,65.8,53,5,80.8,65
15,63,69.6,74,7,59.8,62
25,93,75.0,63,5,88.4,75
11,67,59.2,54,6,63.6,60
16,63,69.0,73,6,59.8,63
24,76,65.8,59,8,72.2,66
16,83,71.0,63,7,78.8,67
19,94,82.6,75,8,89.3,68
24,99,99.0,99,5,94.0,72
23,78,81.6,84,7,74.1,66
22,62,63.2,64,8,58.9,63
18,90,77.4,69,9,85.5,71
22,83,75.2,70,5,78.8,67
19,78,66.0,58,6,74.1,66
23,72,63.6,58,8,68.4,66
17,80,66.2,57,9,76.0,68
19,74,75.2,76,7,70.3,66
14,90,86.4,84,5,85.5,68
20,82,80.8,80,5,77.9,68
15,95,97.4,99,7,90.2,68
13,82,66.4,56,8,77.9,66
22,70,87.4,99,7,66.5,66
21,94,81.4,73,5,89.3,70
25,82,69.4,61,9,77.9,68
17,68,85.4,97,6,64.6,65
22,85,77.8,73,8,80.8,70
23,74,69.8,67,4,70.3,66
23,94,74.2,61,9,89.3,68
15,78,69.0,63,6,74.1,64
21,89,95.0,99,9,84.6,69
22,64,64.6,65,8,60.8,65
20,76,89.8,99,5,72.2,69
7,99,79.8,67,7,94.0,66
21,92,74.0,62,9,87.4,68
33,66,61.8,59,6,62.7,70
18,71,71.0,71,9,67.4,65
16,73,66.4,62,8,69.4,65
22,86,85.4,85,9,81.7,68
22,90,73.2,62,7,85.5,67
27,90,91.2,92,7,85.5,72
12,80,87.2,92,10,76.0,70
24,92,75.2,64,8,87.4,72
24,77,83.6,88,7,73.1,71
19,65,81.8,93,8,61.8,64
22,83,81.2,80,6,78.8,69
26,98,80.0,68,7,93.1,73
25,92,80.0,72,9,87.4,70
13,83,86.6,89,7,78.8,68
25,86,73.4,65,6,81.7,71
20,97,79.0,67,6,92.1,71
20,77,65.6,58,7,73.1,66
20,73,71.2,70,6,69.4,68
19,99,72.0,54,5,94.0,70
27,95,77.6,66,5,90.2,72
19,73,70.6,69,9,69.4,66
13,79,69.4,63,7,75.0,65
18,77,63.8,55,7,73.1,66
21,66,72.0,76,6,62.7,65
27,98,95.0,93,6,93.1,72
24,76,70.6,67,6,72.2,68
15,95,75.2,62,7,90.2,68
35,68,65.6,64,5,64.6,67
22,82,88.6,93,9,77.9,68
28,61,70.0,76,7,58.0,67
19,91,70.6,57,7,86.4,69
23,83,84.2,85,8,78.8,65
25,85,68.8,58,8,80.8,70
27,62,56.6,53,6,58.9,64
26,68,65.0,63,8,64.6,66
25,63,60.0,58,8,59.8,64
18,72,76.8,80,7,68.4,66
17,85,78.4,74,9,80.8,67
22,83,84.8,86,8,78.8,68
26,84,79.2,76,8,79.8,71
19,82,75.4,71,9,77.9,67
26,71,74.0,76,7,67.4,69
29,70,71.2,72,7,66.5,67
15,65,57.2,52,8,61.8,61
15,94,88.0,84,7,89.3,68
19,85,92.8,98,8,80.8,67
22,67,69.4,71,6,63.6,64
17,67,69.4,71,4,63.6,63
28,95,69.2,52,8,90.2,72
23,90,93.0,95,5,85.5,69
20,86,92.0,96,6,81.7,66
11,76,85.0,91,8,72.2,64
12,70,61.0,55,8,66.5,61
22,99,96.6,95,9,94.0,71
7,92,67.4,51,4,87.4,63
26,72,72.0,72,7,68.4,65
19,94,82.6,75,7,89.3,71
39,90,91.2,92,8,85.5,78
34,72,81.6,88,9,68.4,73
19,77,84.8,90,5,73.1,65
19,67,82.6,93,7,63.6,66
26,64,70.0,74,8,60.8,66
30,89,89.0,89,6,84.6,74
10,71,60.2,53,10,67.4,62
9,93,80.4,72,6,88.4,66
16,100,71.2,52,7,95.0,71
23,63,82.8,96,5,59.8,67
23,79,90.4,98,7,75.0,69
26,92,69.2,54,4,87.4,72
13,92,83.0,77,7,87.4,72
6,90,75.6,66,9,85.5,65
25,74,69.8,67,5,70.3,71
15,78,75.0,73,5,74.1,64
8,84,67.2,56,9,79.8,61
21,99,75.0,59,9,94.0,69
25,73,76.6,79,5,69.4,65
19,97,69.4,51,10,92.1,69
17,71,76.4,80,8,67.4,64
19,100,79.6,66,9,95.0,69
18,87,90.0,92,6,82.6,68
12,79,79.6,80,9,75.0,63
16,85,85.0,85,7,80.8,66
23,71,62.0,56,7,67.4,65
22,71,66.2,63,8,67.4,66
21,65,86.0,100,6,61.8,67
14,65,69.2,72,5,61.8,62
19,74,70.4,68,7,70.3,66
7,91,92.8,94,7,86.4,68
21,84,64.8,52,6,79.8,68
29,64,71.8,77,9,60.8,63
11,94,74.2,61,10,89.3,66
16,84,74.4,68,6,79.8,65
22,98,75.2,60,7,93.1,72
28,87,66.0,52,6,82.6,70
17,67,69.4,71,10,63.6,63
16,79,85.0,89,8,75.0,65
8,86,93.2,98,8,81.7,65
21,61,73.0,81,9,58.0,66
32,61,65.8,69,7,58.0,68
22,65,78.8,88,7,61.8,64
20,70,73.0,75,9,66.5,66
22,77,71.6,68,8,73.1,68
20,79,67.0,59,6,75.0,64
15,66,80.4,90,6,62.7,62
25,87,79.8,75,6,82.6,67
21,84,92.4,98,9,79.8,67
20,72,82.8,90,9,68.4,65
14,61,67.0,71,10,58.0,59
28,63,77.4,87,6,59.8,66
24,76,74.2,73,7,72.2,68
17,66,58.8,54,6,62.7,63
26,75,75.6,76,7,71.2,68
17,85,89.8,93,8,80.8,68
15,82,88.6,93,7,77.9,66
15,69,75.0,79,9,65.6,63
9,74,71.0,69,6,70.3,61
23,85,64.6,51,8,80.8,68
9,94,77.2,66,6,89.3,66
13,90,95.4,99,4,85.5,69
8,82,84.4,86,5,77.9,64
19,74,81.2,86,7,70.3,68
19,75,82.8,88,10,71.2,66
18,95,86.6,81,6,90.2,68
14,62,72.2,79,7,58.9,62
13,100,83.8,73,8,95.0,68
23,87,78.0,72,6,82.6,69
17,87,91.2,94,6,82.6,70
22,62,66.8,70,7,58.9,65
15,84,88.8,92,6,79.8,68
21,79,86.8,92,4,75.0,67
28,64,79.0,89,6,60.8,64
24,71,59.6,52,8,67.4,63
18,96,72.6,57,8,91.2,67
22,82,72.4,66,9,77.9,66
19,77,86.0,92,9,73.1,67
20,63,81.6,94,6,59.8,63
18,89,66.8,52,6,84.6,69
19,88,74.8,66,6,83.6,70
21,85,89.8,93,7,80.8,70
14,80,69.2,62,6,76.0,65
14,77,90.2,99,7,73.1,64
12,84,78.0,74,6,79.8,67
10,69,85.8,97,8,65.6,61
13,98,81.8,71,6,93.1,70
21,84,73.2,66,6,79.8,68
15,72,69.6,68,8,68.4,64
23,78,87.6,94,8,74.1,68
20,92,77.0,67,7,87.4,68
8,66,76.2,83,8,62.7,63
24,72,72.6,73,8,68.4,65
25,87,93.0,97,10,82.6,69
14,73,64.0,58,8,69.4,63
23,92,79.4,71,10,87.4,69
15,65,59.6,56,7,61.8,61
21,91,83.8,79,9,86.4,69
12,63,67.2,70,9,59.8,62
9,61,56.2,53,7,58.0,58
18,96,93.6,92,6,91.2,71
19,83,74.6,69,6,78.8,69
18,74,74.6,75,8,70.3,68
13,69,69.6,70,5,65.6,61
18,85,78.4,74,6,80.8,67
22,80,62.6,51,9,76.0,68
20,100,94.6,91,8,95.0,72
21,99,79.8,67,4,94.0,71
16,85,85.6,86,5,80.8,67
27,78,63.0,53,10,74.1,68
13,80,77.6,76,9,76.0,64
23,87,91.8,95,6,82.6,73
27,64,67.6,70,5,60.8,65
23,73,65.2,60,5,69.4,67
19,63,58.2,55,8,59.8,63
17,63,81.0,93,10,59.8,63
26,68,64.4,62,10,64.6,69
11,79,91.0,99,5,75.0,68
14,91,73.6,62,7,86.4,68
18,79,76.0,74,6,75.0,69
27,73,73.0,73,7,69.4,73
22,63,57.0,53,5,59.8,66
14,82,79.0,77,6,77.9,68
18,71,78.8,84,6,67.4,65
16,85,86.2,87,8,80.8,67
16,99,85.2,76,6,94.0,70
26,64,80.2,91,6,60.8,66
12,68,80.0,88,8,64.6,64
30,79,67.6,60,9,75.0,69
25,99,81.6,70,10,94.0,71
27,91,70.6,57,8,86.4,68
17,96,72.6,57,7,91.2,68
19,73,80.8,86,9,69.4,66
11,100,86.2,77,9,95.0,70
17,64,73.6,80,8,60.8,65
23,62,77.0,87,5,58.9,63
28,94,76.0,64,9,89.3,70
13,97,80.8,70,8,92.1,67
18,64,73.6,80,6,60.8,63
19,65,59.0,55,6,61.8,64
12,61,79.6,92,8,58.0,60
24,64,65.8,67,4,60.8,62
16,68,77.0,83,7,64.6,65
19,99,99.6,100,6,94.0,69
17,87,79.2,74,6,82.6,68
15,91,73.0,61,6,86.4,66
20,91,73.0,61,5,86.4,72
19,81,64.2,53,9,77.0,68
18,92,89.6,88,4,87.4,69
16,84,72.6,65,7,79.8,65
22,73,64.6,59,6,69.4,65
30,82,84.4,86,10,77.9,70
21,81,71.4,65,7,77.0,67
26,93,85.2,80,4,88.4,73
12,99,82.2,71,8,94.0,70
21,76,70.6,67,5,72.2,66
13,91,80.8,74,8,86.4,68
11,64,65.2,66,8,60.8,61
16,91,92.8,94,9,86.4,70
27,75,62.4,54,7,71.2,66
26,62,56.0,52,8,58.9,67
21,75,72.0,70,7,71.2,69
11,84,69.0,59,6,79.8,64
19,65,78.2,87,9,61.8,65
22,97,79.6,68,5,92.1,75
21,63,63.0,63,7,59.8,63
9,97,79.6,68,6,92.1,69
15,88,71.8,61,8,83.6,68
20,73,68.2,65,6,69.4,66
23,76,77.2,78,6,72.2,66
7,90,91.8,93,7,85.5,66
19,84,75.0,69,9,79.8,68
21,87,74.4,66,6,82.6,65
25,76,83.8,89,6,72.2,70
24,80,62.6,51,5,76.0,68
23,100,79.0,65,6,95.0,70
15,69,71.4,73,8,65.6,61
9,77,78.8,80,7,73.1,61
18,72,63.6,58,7,68.4,64
26,91,79.6,72,10,86.4,71
28,91,83.2,78,4,86.4,72
24,72,74.4,76,10,68.4,66
23,63,72.6,79,9,59.8,63
22,60,73.8,83,7,57.0,62
17,77,72.2,69,8,73.1,65
19,76,62.2,53,6,72.2,66
30,100,71.8,53,7,95.0,72
14,79,87.4,93,10,75.0,68
30,70,78.4,84,6,66.5,70
18,96,91.2,88,7,91.2,70
28,80,89.6,96,6,76.0,73
12,84,86.4,88,6,79.8,67
24,64,76.6,85,6,60.8,65
16,75,79.8,83,5,71.2,65
12,98,77.0,63,7,93.1,65
21,84,92.4,98,7,79.8,70
26,74,75.8,77,6,70.3,66
15,85,70.6,61,4,80.8,65
11,96,74.4,60,7,91.2,68
19,71,83.0,91,7,67.4,66
19,80,69.8,63,10,76.0,65
23,98,70.4,52,7,93.1,71
26,67,69.4,71,8,63.6,65
20,89,90.2,91,6,84.6,70
31,85,76.6,71,9,80.8,69
21,87,88.8,90,6,82.6,71
18,74,84.2,91,8,70.3,67
10,73,85.0,93,8,69.4,64
18,87,82.2,79,8,82.6,82
18,69,78.6,85,10,65.6,66
26,77,68.6,63,6,73.1,66
23,68,60.2,55,9,64.6,65
13,60,70.2,77,9,57.0,61
21,99,70.2,51,7,94.0,72
24,77,74.6,73,10,73.1,70
29,99,72.6,55,7,94.0,71
25,66,59.4,55,7,62.7,84
25,83,89.6,94,7,78.8,72
20,68,76.4,82,5,64.6,67
22,92,86.0,82,8,87.4,72
27,91,78.4,70,8,86.4,70
12,65,68.6,71,7,61.8,62
18,96,77.4,65,10,91.2,71
15,68,70.4,72,6,64.6,62
22,85,81.4,79,4,80.8,68
27,99,75.0,59,10,94.0,74
16,95,75.8,63,9,90.2,68
6,98,84.2,75,8,93.1,64
18,74,71.0,69,6,70.3,65
25,64,80.2,91,8,60.8,66
23,68,81.8,91,5,64.6,68
23,80,72.2,67,7,76.0,67
18,92,80.6,73,6,87.4,67
12,66,85.8,99,7,62.7,63
23,86,89.0,91,8,81.7,71
15,73,65.8,61,5,69.4,63
33,74,68.0,64,8,70.3,66
23,86,66.8,54,7,81.7,67
17,79,82.0,84,8,75.0,66
16,92,76.4,66,7,87.4,70
19,66,72.6,77,8,62.7,64
19,92,89.6,88,6,87.4,71
27,63,80.4,92,4,59.8,68
21,68,66.8,66,5,64.6,64
16,86,71.6,62,6,81.7,66
31,94,92.8,92,5,89.3,72
20,70,69.4,69,9,66.5,66
25,73,83.8,91,7,69.4,70
16,81,66.6,57,8,77.0,66
22,68,84.8,96,8,64.6,68
22,92,81.2,74,7,87.4,70
9,91,71.8,59,10,86.4,64
32,66,72.6,77,10,62.7,71
28,79,88.0,94,9,75.0,72
18,91,77.8,69,6,86.4,71
13,73,64.6,59,9,69.4,63
22,85,81.4,79,4,80.8,68
21,62,80.0,92,9,58.9,63
22,84,67.2,56,4,79.8,66
21,66,57.6,52,7,62.7,63
23,93,69.0,53,9,88.4,72
29,74,66.8,62,8,70.3,70
23,71,58.4,50,5,67.4,65
14,94,80.2,71,7,89.3,67
28,62,75.8,85,8,58.9,66
30,76,82.0,86,7,72.2,69
39,75,79.2,82,6,71.2,73
13,71,67.4,65,8,67.4,66
21,96,90.6,87,9,91.2,70
8,90,83.4,79,7,85.5,68
23,63,81.0,93,9,59.8,65
17,89,80.0,74,7,84.6,67
32,81,67.8,59,6,77.0,71
15,96,87.6,82,9,91.2,70
10,73,64.0,58,9,69.4,61
17,83,92.0,98,6,78.8,69
8,80,83.0,85,6,76.0,63
25,80,84.8,88,10,76.0,67
8,78,81.6,84,7,74.1,65
20,68,60.2,55,7,64.6,63
8,90,79.8,73,7,85.5,67
18,78,81.0,83,9,74.1,66
30,98,75.8,61,10,93.1,72
22,70,78.4,84,7,66.5,68
15,87,89.4,91,10,82.6,67
20,98,77.6,64,6,93.1,72
20,87,70.8,60,7,82.6,66
23,95,94.4,94,8,90.2,73
12,93,67.2,50,6,88.4,71
24,74,67.4,63,8,70.3,65
4,84,75.6,70,6,79.8,65
16,66,76.8,84,5,62.7,65
17,81,92.4,100,4,77.0,68
24,69,69.0,69,7,65.6,70
20,90,94.2,97,8,85.5,68
12,81,73.2,68,5,77.0,62
14,76,81.4,85,7,72.2,66
21,71,63.2,58,7,67.4,65
20,100,83.8,73,7,95.0,71
17,63,81.6,94,6,59.8,61
17,62,64.4,66,7,58.9,63
24,69,60.6,55,7,65.6,67
17,99,85.2,76,8,94.0,70
19,99,82.8,72,5,94.0,73
33,86,71.0,61,7,81.7,72
11,95,95.0,95,5,90.2,69
9,69,75.6,80,7,65.6,61
25,99,79.8,67,5,94.0,71
16,66,86.4,100,6,62.7,64
18,64,59.8,57,7,60.8,61
15,64,80.8,92,6,60.8,63
18,83,70.4,62,9,78.8,65
30,91,73.6,62,9,86.4,73
25,75,75.0,75,8,71.2,68
25,99,89.4,83,8,94.0,72
12,77,81.8,85,7,73.1,62
13,66,57.0,51,9,62.7,63
3,79,70.0,64,7,75.0,58
15,87,84.6,83,10,82.6,68
26,93,93.6,94,6,88.4,74
23,78,81.0,83,5,74.1,68
19,84,71.4,63,5,79.8,67
20,71,73.4,75,5,67.4,65
16,86,83.6,82,5,81.7,63
21,99,73.8,57,7,94.0,71
25,62,71.0,77,8,58.9,62
10,95,82.4,74,7,90.2,66
22,82,73.0,67,5,77.9,65
26,70,76.6,81,6,66.5,66
18,98,88.4,82,8,93.1,71
24,79,91.0,99,6,75.0,68
37,73,71.8,71,6,69.4,72
19,67,73.0,77,5,63.6,66
22,70,62.8,58,6,66.5,66
16,93,83.4,77,6,88.4,67
21,85,65.2,52,7,80.8,71
23,97,73.0,57,8,92.1,72
21,69,63.0,59,7,65.6,64
14,65,75.2,82,7,61.8,60
21,60,70.8,78,8,57.0,64
29,80,86.0,90,5,76.0,70
23,100,83.8,73,10,95.0,72
26,88,79.6,74,6,83.6,68
19,72,63.6,58,8,68.4,62
24,95,90.2,87,5,90.2,68
22,91,66.4,50,7,86.4,72
14,61,67.0,71,7,58.0,60
22,93,72.6,59,9,88.4,72
14,72,82.2,89,7,68.4,65
16,66,76.8,84,9,62.7,63
21,69,78.6,85,7,65.6,66
22,79,65.8,57,10,75.0,65
13,77,80.6,83,4,73.1,65
26,72,79.8,85,8,68.4,67
23,67,56.8,50,4,63.6,65
16,90,75.6,66,7,85.5,67
11,100,72.4,54,9,95.0,66
19,91,86.8,84,9,86.4,71
17,72,65.4,61,8,68.4,64
21,70,65.8,63,7,66.5,61
18,69,60.0,54,8,65.6,65
8,65,70.4,74,10,61.8,61
18,82,64.0,52,7,77.9,64
18,84,88.8,92,8,79.8,69
24,88,65.8,51,6,83.6,71
16,87,66.6,53,9,82.6,70
30,72,78.0,82,8,68.4,70
9,73,86.8,96,6,69.4,62
28,87,91.8,95,8,82.6,73
19,74,62.0,54,8,70.3,66
25,69,66.0,64,8,65.6,66
20,75,75.6,76,7,71.2,66
27,71,59.0,51,9,67.4,66
18,64,71.2,76,6,60.8,65
13,93,80.4,72,7,88.4,67
29,94,85.0,79,7,89.3,76
19,69,85.2,96,9,65.6,66
21,63,63.6,64,6,59.8,63
27,90,85.2,82,7,85.5,71
14,68,69.8,71,6,64.6,63
24,76,73.6,72,7,72.2,67
16,63,74.4,82,8,59.8,63
19,69,86.4,98,5,65.6,66
20,92,92.6,93,9,87.4,72
11,92,86.0,82,8,87.4,70
15,68,71.0,73,6,64.6,62
28,73,71.8,71,6,69.4,69
25,65,79.4,89,9,61.8,66
20,63,61.8,61,8,59.8,64
21,100,87.4,79,6,95.0,70
18,86,79.4,75,6,81.7,67
28,82,82.0,82,8,77.9,71
19,91,71.8,59,8,86.4,69
21,94,88.6,85,8,89.3,70
27,92,85.4,81,7,87.4,70
15,61,59.8,59,8,58.0,61
29,67,70.0,72,7,63.6,65
11,86,84.8,84,6,81.7,67
30,75,87.0,95,9,71.2,70
18,99,73.2,56,8,94.0,67
19,87,64.8,50,6,82.6,68
9,98,74.0,58,7,93.1,69
17,68,86.6,99,7,64.6,65
14,95,90.8,88,6,90.2,68
16,73,77.8,81,7,69.4,67
19,100,74.2,57,6,95.0,70
26,66,69.0,71,8,62.7,68
21,81,84.0,86,7,77.0,69
22,92,93.8,95,5,87.4,70
13,77,72.2,69,7,73.1,67
15,79,91.6,100,6,75.0,70
31,99,73.8,57,4,94.0,74
16,77,72.2,69,7,73.1,63
30,84,90.0,94,9,79.8,72
19,62,74.0,82,7,58.9,62
20,94,92.2,91,8,89.3,71
26,86,91.4,95,7,81.7,68
28,76,75.4,75,6,72.2,72
19,61,61.6,62,6,58.0,64
18,84,84.6,85,5,79.8,64
20,61,71.2,78,8,58.0,63
22,60,77.4,89,8,57.0,66
25,85,79.6,76,7,80.8,71
20,68,81.8,91,4,64.6,70
24,68,84.2,95,8,64.6,67
30,86,86.6,87,6,81.7,73
22,62,77.0,87,7,58.9,64
22,73,76.6,79,5,69.4,65
11,66,70.8,74,7,62.7,62
4,83,92.6,99,7,78.8,64
22,86,83.6,82,4,81.7,67
19,89,90.8,92,9,84.6,74
17,70,73.0,75,7,66.5,63
21,64,72.4,78,7,60.8,64
20,63,75.0,83,8,59.8,64
27,77,82.4,86,7,73.1,70
21,98,82.4,72,8,93.1,71
16,69,68.4,68,5,65.6,63
26,70,65.2,62,7,66.5,66
19,64,68.2,71,4,60.8,65
23,84,70.2,61,7,79.8,70
17,87,77.4,71,9,82.6,65
16,86,90.8,94,5,81.7,68
21,94,97.0,99,6,89.3,72
20,79,79.0,79,4,75.0,67
23,65,60.2,57,7,61.8,65
18,72,71.4,71,8,68.4,66
9,86,82.4,80,8,81.7,67
17,85,75.4,69,6,80.8,65
25,81,68.4,60,4,77.0,68
18,87,71.4,61,5,82.6,68
19,85,78.4,74,9,80.8,69
26,95,74.6,61,8,90.2,71
16,83,70.4,62,7,78.8,64
11,91,92.8,94,7,86.4,65
19,70,81.4,89,5,66.5,64
17,87,66.6,53,9,82.6,67
14,96,78.0,66,6,91.2,70
19,75,76.2,77,8,71.2,66
23,91,68.2,53,5,86.4,70
20,89,86.0,84,7,84.6,70
22,62,66.2,69,9,58.9,64
31,83,75.2,70,6,78.8,71
18,65,63.8,63,8,61.8,63
22,99,79.8,67,5,94.0,72
17,92,92.6,93,6,87.4,72
15,64,79.0,89,7,60.8,61
16,65,84.2,97,8,61.8,63
17,84,84.6,85,7,79.8,67
22,74,77.0,79,8,70.3,67
34,61,62.2,63,9,58.0,65
16,82,82.6,83,6,77.9,64
18,76,87.4,95,5,72.2,69
20,64,57.4,53,6,60.8,65
22,92,80.0,72,9,87.4,71
22,97,73.0,57,6,92.1,70
28,90,90.6,91,9,85.5,98
5,93,85.8,81,7,88.4,65
6,69,84.0,94,10,65.6,63
17,71,60.2,53,10,67.4,61
27,68,84.2,95,9,64.6,67
11,91,68.2,53,5,86.4,64
2,98,77.6,64,4,93.1,65
23,89,70.4,58,7,84.6,73
21,95,72.2,57,8,90.2,69
13,86,69.8,59,8,81.7,67
14,76,74.8,74,6,72.2,63
14,77,84.2,89,5,73.1,67
21,63,82.2,95,8,59.8,66
16,61,71.2,78,10,58.0,64
23,88,70.0,58,6,83.6,68
3,78,63.6,54,8,74.1,61
15,82,77.8,75,10,77.9,66
13,82,85.6,88,7,77.9,65
18,71,77.0,81,7,67.4,65
17,79,79.0,79,8,75.0,67
25,79,62.8,52,7,75.0,68
9,76,73.0,71,9,72.2,63
20,93,84.0,78,6,88.4,70
23,78,79.2,80,7,74.1,68
31,84,63.6,50,5,79.8,69
17,96,74.4,60,7,91.2,67
22,95,96.2,97,5,90.2,69
9,96,83.4,75,8,91.2,65
6,71,79.4,85,5,67.4,61
25,61,63.4,65,8,58.0,65
20,70,75.4,79,6,66.5,67
27,71,69.2,68,10,67.4,66
12,96,77.4,65,9,91.2,69
23,86,77.0,71,8,81.7,71
31,63,69.0,73,5,59.8,68
23,65,66.2,67,6,61.8,65
22,66,64.2,63,6,62.7,64
20,85,82.6,81,6,80.8,68
11,89,77.0,69,9,84.6,64
28,94,73.6,60,7,89.3,71
16,98,92.0,88,6,93.1,70
23,68,78.8,86,6,64.6,68
11,72,85.2,94,6,68.4,63
13,70,74.8,78,8,66.5,61
29,74,68.0,64,5,70.3,66
18,97,94.6,93,7,92.1,75
29,83,71.6,64,8,78.8,71
20,90,85.8,83,4,85.5,69
9,80,68.0,60,5,76.0,62
25,61,73.0,81,7,58.0,65
16,63,80.4,92,9,59.8,61
24,82,79.0,77,9,77.9,69
20,89,80.0,74,6,84.6,66
11,69,87.6,100,9,65.6,64
21,89,66.2,51,7,84.6,69
33,92,77.0,67,7,87.4,78
23,76,88.0,96,7,72.2,68
20,90,85.2,82,8,85.5,70
26,76,76.6,77,6,72.2,68
21,87,84.0,82,6,82.6,68
21,91,76.0,66,5,86.4,69
13,100,72.4,54,8,95.0,68
21,74,68.0,64,8,70.3,80
26,76,70.6,67,8,72.2,67
15,67,71.2,74,5,63.6,64
29,68,69.2,70,6,64.6,64
19,88,80.8,76,9,83.6,68
15,97,74.8,60,7,92.1,67
26,76,65.8,59,7,72.2,65
18,67,67.6,68,7,63.6,66
25,71,72.8,74,8,67.4,67
18,78,71.4,67,7,74.1,64
20,72,76.2,79,6,68.4,66
23,69,67.2,66,8,65.6,63
22,89,71.0,59,5,84.6,71
8,60,79.8,93,9,57.0,62
13,82,68.8,60,6,77.9,64
26,92,95.6,98,8,87.4,72
19,71,87.8,99,7,67.4,65
17,84,84.6,85,6,79.8,67
12,87,79.8,75,9,82.6,65
14,86,88.4,90,8,81.7,63
8,78,87.6,94,7,74.1,65
19,74,80.6,85,10,70.3,67
16,93,70.2,55,8,88.4,67
14,90,66.0,50,6,85.5,65
20,73,65.2,60,4,69.4,64
22,64,61.0,59,7,60.8,64
33,63,60.6,59,9,59.8,69
11,64,70.6,75,8,60.8,60
27,83,78.8,76,9,78.8,70
26,62,76.4,86,6,58.9,66
15,73,65.2,60,7,69.4,66
21,90,69.0,55,7,85.5,68
17,72,78.6,83,7,68.4,62
21,91,80.8,74,8,86.4,70
29,90,85.8,83,9,85.5,72
24,70,69.4,69,10,66.5,64
23,89,88.4,88,9,84.6,71
17,90,86.4,84,8,85.5,67
11,76,80.2,83,6,72.2,64
19,68,57.8,51,7,64.6,64
27,81,88.2,93,8,77.0,72
11,97,80.2,69,7,92.1,66
14,86,68.6,57,6,81.7,68
21,67,79.6,88,6,63.6,95
14,87,79.2,74,8,82.6,64
15,77,62.0,52,7,73.1,64
17,84,87.0,89,7,79.8,68
12,89,78.8,72,7,84.6,67
14,81,85.2,88,6,77.0,67
24,93,90.0,88,7,88.4,71
12,89,68.6,55,6,84.6,63
10,85,82.6,81,6,80.8,66
16,66,67.2,68,5,62.7,65
24,93,83.4,77,7,88.4,68
19,97,71.2,54,8,92.1,68
17,65,73.4,79,9,61.8,62
20,80,85.4,89,5,76.0,67
10,70,87.4,99,9,66.5,65
23,90,75.6,66,7,85.5,71
22,89,70.4,58,5,84.6,71
18,66,67.2,68,6,62.7,61
26,95,68.6,51,4,90.2,70
13,67,68.8,70,5,63.6,60
27,92,94.4,96,10,87.4,70
21,78,67.2,60,6,74.1,67
18,73,73.6,74,8,69.4,66
20,66,73.8,79,7,62.7,63
19,67,62.2,59,7,63.6,65
27,86,74.6,67,8,81.7,75
14,82,90.4,96,4,77.9,66
15,65,65.0,65,9,61.8,61
26,65,75.2,82,7,61.8,65
16,63,59.4,57,6,59.8,61
25,90,85.8,83,8,85.5,73
30,88,73.6,64,6,83.6,73
18,62,62.0,62,7,58.9,63
24,82,66.4,56,7,77.9,67
13,63,56.4,52,8,59.8,62
25,96,97.2,98,7,91.2,71
21,96,81.0,71,5,91.2,70
23,88,88.6,89,8,83.6,70
16,97,96.4,96,7,92.1,69
10,92,72.8,60,4,87.4,66
23,93,93.0,93,7,88.4,72
8,83,84.2,85,6,78.8,63
18,72,76.2,79,8,68.4,65
26,69,81.6,90,6,65.6,71
21,73,62.8,56,5,69.4,66
32,85,71.8,63,9,80.8,69
26,67,61.0,57,8,63.6,62
16,70,85.0,95,7,66.5,66
20,79,64.6,55,8,75.0,66
20,69,87.0,99,8,65.6,64
11,84,66.6,55,7,79.8,63
14,97,88.6,83,5,92.1,68
17,90,85.8,83,7,85.5,68
8,87,93.0,97,9,82.6,67
20,83,72.8,66,8,78.8,67
19,80,72.2,67,7,76.0,68
10,67,82.0,92,8,63.6,65
22,96,97.8,99,7,91.2,74
24,70,59.2,52,9,66.5,85
21,64,74.8,82,9,60.8,64
18,90,73.2,62,5,85.5,67
24,67,78.4,86,9,63.6,68
24,75,83.4,89,10,71.2,67
22,61,77.2,88,8,58.0,65
15,65,69.2,72,8,61.8,63
22,67,61.6,58,6,63.6,64
27,62,72.2,79,6,58.9,62
16,86,87.8,89,7,81.7,68
33,93,94.8,96,6,88.4,75
17,75,73.8,73,5,71.2,63
20,95,75.2,62,7,90.2,68
16,69,61.2,56,8,65.6,63
21,73,83.2,90,5,69.4,68
10,66,72.6,77,7,62.7,62
17,85,84.4,84,7,80.8,67
13,77,65.6,58,7,73.1,66
21,85,64.0,50,8,80.8,65
26,90,94.8,98,8,85.5,69
24,82,87.4,91,6,77.9,70
6,85,76.0,70,9,80.8,64
32,97,82.6,73,8,92.1,75
22,72,86.4,96,9,68.4,66
15,74,65.6,60,7,70.3,62
21,89,89.6,90,7,84.6,70
21,84,64.2,51,7,79.8,68
16,67,83.2,94,9,63.6,66
21,75,77.4,79,7,71.2,65
16,79,76.0,74,7,75.0,68
18,77,81.8,85,10,73.1,68
16,67,58.6,53,5,63.6,62
11,97,74.8,60,8,92.1,66
21,90,78.0,70,7,85.5,68
24,79,80.2,81,7,75.0,69
23,87,69.0,57,6,82.6,67
25,96,79.8,69,6,91.2,74
22,65,63.8,63,6,61.8,61
17,70,77.2,82,8,66.5,64
25,82,90.4,96,8,77.9,69
12,92,71.6,58,4,87.4,66
15,61,59.8,59,5,58.0,61
14,99,87.6,80,8,94.0,71
26,78,75.0,73,8,74.1,71
26,74,81.2,86,5,70.3,69
23,72,67.2,64,8,68.4,66
26,67,73.0,77,7,63.6,64
15,92,78.2,69,8,87.4,68
22,98,77.6,64,6,93.1,71
19,77,82.4,86,5,73.1,66
25,98,93.2,90,7,93.1,94
19,93,76.8,66,7,88.4,68
18,79,80.2,81,7,75.0,66
23,87,70.2,59,6,82.6,70
25,77,84.8,90,10,73.1,68
16,82,71.2,64,4,77.9,65
20,62,60.2,59,6,58.9,64
14,88,93.4,97,6,83.6,69
5,62,67.4,71,7,58.9,59
21,93,86.4,82,8,88.4,70
24,93,91.2,90,8,88.4,72
22,69,78.0,84,9,65.6,64
8,73,76.0,78,8,69.4,63
18,79,73.0,69,4,75.0,67
7,84,91.2,96,5,79.8,62
28,71,62.6,57,9,67.4,69
13,84,90.0,94,9,79.8,66
28,72,79.8,85,8,68.4,66
26,62,72.2,79,6,58.9,63
15,60,63.6,66,7,57.0,62
13,64,59.8,57,6,60.8,58
22,92,80.0,72,5,87.4,67
15,98,92.6,89,7,93.1,68
21,77,83.0,87,10,73.1,67
17,81,81.6,82,6,77.0,67
9,66,86.4,100,9,62.7,62
7,82,92.2,99,6,77.9,66
21,66,68.4,70,5,62.7,65
17,84,69.6,60,8,79.8,67
17,97,82.6,73,7,92.1,69
24,68,82.4,92,9,64.6,67
27,91,80.2,73,9,86.4,69
18,61,64.6,67,7,58.0,62
18,75,82.2,87,9,71.2,67
23,64,75.4,83,6,60.8,63
12,74,88.4,98,6,70.3,65
21,67,73.0,77,9,63.6,66
23,75,88.8,98,5,71.2,71
24,77,69.8,65,7,73.1,70
8,72,84.6,93,9,68.4,68
15,86,75.2,68,9,81.7,67
15,97,92.8,90,6,92.1,71
21,76,88.0,96,9,72.2,65
23,68,75.8,81,5,64.6,64
29,71,80.0,86,6,67.4,69
17,94,96.4,98,7,89.3,68
17,83,74.6,69,8,78.8,67
27,78,76.8,76,5,74.1,71
22,66,83.4,95,10,62.7,64
28,78,81.6,84,4,74.1,69
22,71,84.8,94,7,67.4,68
13,98,87.8,81,7,93.1,69
12,95,90.2,87,4,90.2,67
11,63,55.8,51,9,59.8,58
24,81,72.6,67,6,77.0,66
27,69,81.0,89,7,65.6,69
31,76,72.4,70,7,72.2,70
25,95,78.8,68,5,90.2,70
27,81,91.2,98,5,77.0,70
17,73,76.0,78,9,69.4,66
13,68,63.2,60,7,64.6,61
25,92,81.2,74,4,87.4,71
23,85,79.6,76,7,80.8,69
21,79,91.0,99,7,75.0,69
22,69,79.2,86,7,65.6,65
22,73,74.8,76,4,69.4,69
28,98,82.4,72,7,93.1,74
28,81,90.0,96,6,77.0,71
23,76,79.6,82,7,72.2,68
25,81,73.2,68,8,77.0,69
23,91,80.2,73,8,86.4,68
17,74,68.0,64,9,70.3,63
25,67,85.6,98,10,63.6,68
12,83,84.2,85,5,78.8,67
26,87,76.8,70,6,82.6,71
13,89,71.0,59,8,84.6,66
22,95,73.4,59,7,90.2,69
15,75,74.4,74,4,71.2,68
23,63,69.0,73,7,59.8,63
20,98,81.8,71,9,93.1,69
10,77,86.6,93,5,73.1,66
23,85,93.4,99,7,80.8,71
17,87,75.6,68,4,82.6,68
25,82,71.8,65,8,77.9,69
20,68,80.6,89,7,64.6,65
22,90,79.2,72,6,85.5,68
14,92,73.4,61,6,87.4,67
16,82,68.2,59,5,77.9,65
17,80,70.4,64,9,76.0,65
25,65,56.0,50,6,61.8,64
30,63,83.4,97,8,59.8,69
15,74,72.8,72,6,70.3,64
26,72,61.2,54,10,68.4,66
7,98,74.0,58,9,93.1,65
13,91,76.0,66,10,86.4,69
14,86,81.2,78,10,81.7,66
12,81,83.4,85,6,77.0,64
10,67,65.8,65,6,63.6,61
22,99,98.4,98,10,94.0,72
19,75,82.8,88,7,71.2,67
22,64,80.2,91,8,60.8,63
24,80,71.6,66,6,76.0,69
22,95,79.4,69,6,90.2,70
24,95,84.2,77,8,90.2,71
20,60,67.8,73,4,57.0,60
13,95,75.8,63,8,90.2,70
26,71,88.4,100,8,67.4,69
16,62,80.0,92,6,58.9,63
14,94,74.8,62,7,89.3,69
19,95,95.0,95,7,90.2,71
15,84,81.0,79,7,79.8,68
17,83,63.8,51,8,78.8,64
22,93,77.4,67,6,88.4,68
22,91,67.0,51,10,86.4,69
15,96,70.8,54,7,91.2,65
17,82,68.2,59,7,77.9,68
26,99,84.0,74,10,94.0,74
23,100,81.4,69,4,95.0,72
32,65,60.2,57,10,61.8,67
27,94,79.6,70,7,89.3,73
27,80,71.0,65,6,76.0,68
12,76,73.0,71,5,72.2,61
25,85,69.4,59,5,80.8,70
20,62,72.8,80,6,58.9,62
17,80,63.2,52,7,76.0,67
21,95,79.4,69,8,90.2,69
26,69,84.6,95,7,65.6,93
23,77,73.4,71,6,73.1,68
15,98,82.4,72,9,93.1,69
24,77,62.6,53,10,73.1,68
16,74,77.6,80,9,70.3,64
21,78,89.4,97,6,74.1,69
18,81,71.4,65,8,77.0,66
19,85,76.0,70,8,80.8,68
25,92,84.2,79,9,87.4,72
14,78,64.2,55,6,74.1,63
32,93,96.0,98,6,88.4,73
9,81,76.2,73,9,77.0,65
16,74,63.2,56,8,70.3,65
22,86,74.6,67,5,81.7,68
24,89,77.0,69,8,84.6,70
19,82,73.0,67,10,77.9,65
20,62,75.8,85,6,58.9,66
22,67,67.0,67,6,63.6,66
19,71,68.0,66,7,67.4,65
28,71,68.0,66,8,67.4,69
25,87,88.2,89,7,82.6,69
25,61,63.4,65,9,58.0,64
14,90,66.6,51,7,85.5,66
20,71,69.2,68,9,67.4,63
18,72,67.2,64,6,68.4,68
14,81,89.4,95,5,77.0,68
22,69,72.0,74,6,65.6,65
17,95,75.2,62,5,90.2,69
24,63,84.6,99,8,59.8,66
14,78,68.4,62,4,74.1,63
30,94,90.4,88,6,89.3,72
15,85,83.2,82,7,80.8,67
21,72,72.6,73,5,68.4,67
25,77,72.8,70,7,73.1,68
17,88,91.6,94,7,83.6,71
25,99,84.0,74,9,94.0,73
13,96,79.8,69,5,91.2,68
29,74,70.4,68,8,70.3,69
20,100,78.4,64,8,95.0,69
16,60,66.0,70,7,57.0,63
18,61,58.0,56,6,58.0,62
25,93,69.0,53,5,88.4,70
16,68,73.4,77,10,64.6,66
16,62,68.6,73,7,58.9,62
19,69,63.0,59,7,65.6,64
13,77,63.8,55,10,73.1,63
31,89,69.8,57,7,84.6,71
17,85,73.6,66,10,80.8,67
25,70,71.8,73,5,66.5,67
21,80,68.0,60,7,76.0,67
14,97,91.6,88,5,92.1,71
20,93,73.2,60,7,88.4,69
25,73,62.8,56,7,69.4,93
19,99,99.6,100,6,94.0,72
27,88,78.4,72,7,83.6,71
26,62,60.2,59,6,58.9,63
26,61,81.4,95,7,58.0,65
17,67,64.0,62,6,63.6,61
14,89,93.2,96,9,84.6,66
16,67,60.4,56,5,63.6,61
21,80,87.2,92,7,76.0,67
23,64,61.0,59,5,60.8,64
7,97,97.0,97,6,92.1,69
20,74,77.0,79,6,70.3,64
21,96,73.8,59,7,91.2,70
18,98,94.4,92,7,93.1,73
28,60,66.0,70,5,57.0,63
23,79,83.8,87,6,75.0,68
28,61,73.6,82,6,58.0,64
19,96,90.0,86,5,91.2,69
26,81,72.6,67,9,77.0,69
30,63,83.4,97,5,59.8,67
28,64,72.4,78,7,60.8,69
13,75,62.4,54,10,71.2,62
18,98,71.0,53,9,93.1,66
18,88,87.4,87,8,83.6,68
23,95,93.2,92,7,90.2,71
24,75,81.0,85,8,71.2,66
15,62,63.2,64,8,58.9,62
20,99,76.2,61,9,94.0,68
8,61,71.2,78,7,58.0,59
29,98,75.2,60,9,93.1,70
17,75,71.4,69,7,71.2,66
20,60,72.6,81,10,57.0,65
18,88,73.6,64,7,83.6,66
27,99,81.0,69,5,94.0,73
3,99,80.4,68,7,94.0,65
20,66,70.2,73,8,62.7,65
19,67,77.2,84,9,63.6,64
17,83,86.6,89,6,78.8,69
30,85,83.8,83,4,80.8,74
15,90,66.6,51,8,85.5,68
25,67,83.8,95,8,63.6,65
22,98,86.6,79,5,93.1,72
28,86,92.0,96,7,81.7,71
16,94,96.4,98,7,89.3,69
16,82,76.6,73,8,77.9,67
27,77,88.4,96,6,73.1,71
23,99,80.4,68,6,94.0,68
11,83,71.0,63,7,78.8,63
17,95,70.4,54,5,90.2,69
22,98,83.0,73,10,93.1,68
25,87,85.2,84,8,82.6,73
16,82,92.2,99,6,77.9,69
3,60,69.6,76,5,57.0,58
23,62,77.0,87,5,58.9,65
13,68,84.2,95,8,64.6,63
8,67,73.0,77,5,63.6,59
3,70,62.8,58,7,66.5,58
25,72,84.0,92,4,68.4,66
21,74,77.0,79,8,70.3,67
19,77,83.6,88,8,73.1,67
28,64,75.4,83,7,60.8,67
24,62,56.6,53,7,58.9,65
30,87,69.6,58,8,82.6,71
12,81,70.8,64,7,77.0,66
20,78,69.6,64,8,74.1,68
10,85,89.2,92,5,80.8,65
19,93,85.2,80,8,88.4,71
19,77,63.2,54,7,73.1,64
24,86,75.8,69,9,81.7,72
20,98,86.0,78,7,93.1,69
24,94,75.4,63,7,89.3,70
24,77,62.0,52,6,73.1,66
33,86,75.8,69,9,81.7,70
18,67,70.6,73,4,63.6,62
14,82,89.8,95,8,77.9,66
21,99,96.6,95,7,94.0,70
15,81,77.4,75,7,77.0,63
29,97,83.2,74,7,92.1,73
18,76,79.6,82,7,72.2,70
17,100,77.8,63,8,95.0,71
17,83,71.6,64,6,78.8,65
24,62,54.8,50,7,58.9,64
19,83,65.6,54,8,78.8,66
16,71,63.8,59,6,67.4,82
30,61,73.6,82,8,58.0,68
15,93,73.8,61,8,88.4,67
20,71,62.0,56,6,67.4,68
24,92,85.4,81,5,87.4,69
10,72,78.6,83,6,68.4,63
23,68,59.0,53,7,64.6,66
14,99,93.0,89,7,94.0,68
25,74,77.6,80,9,70.3,71
14,84,75.6,70,6,79.8,69
24,84,93.0,99,6,79.8,70
27,82,63.4,51,8,77.9,70
25,97,85.0,77,6,92.1,73
22,87,69.6,58,6,82.6,68
19,76,70.0,66,6,72.2,65
17,94,71.8,57,4,89.3,72
29,67,76.6,83,8,63.6,67
16,82,74.8,70,8,77.9,68
14,98,98.6,99,8,93.1,69
24,85,83.8,83,10,80.8,70
15,93,94.8,96,9,88.4,69
14,86,71.6,62,6,81.7,68
11,94,77.2,66,9,89.3,65
17,98,80.0,68,7,93.1,70
20,71,83.6,92,6,67.4,65
21,67,63.4,61,6,63.6,61
26,79,89.8,97,7,75.0,69
23,88,66.4,52,7,83.6,67
19,69,84.0,94,9,65.6,65
19,60,67.8,73,8,57.0,63
23,74,75.2,76,6,70.3,67
28,99,99.6,100,5,94.0,76
21,88,91.6,94,8,83.6,70
17,76,87.4,95,8,72.2,67
14,68,74.6,79,9,64.6,66
11,74,88.4,98,7,70.3,65
24,67,77.2,84,8,63.6,65
23,64,80.2,91,8,60.8,63
23,96,90.0,86,5,91.2,74
19,100,93.4,89,7,95.0,72
28,67,76.0,82,8,63.6,68
17,62,76.4,86,8,58.9,62
26,73,72.4,72,7,69.4,65
20,78,82.2,85,10,74.1,69
16,68,65.6,64,10,64.6,61
24,72,78.0,82,7,68.4,67
22,68,72.8,76,7,64.6,66
22,91,93.4,95,8,86.4,70
20,89,86.0,84,7,84.6,72
20,85,82.0,80,9,80.8,69
34,75,69.6,66,5,71.2,68
27,96,94.2,93,7,91.2,74
24,99,71.4,53,8,94.0,70
21,67,83.8,95,9,63.6,67
26,69,77.4,83,5,65.6,68
23,81,67.8,59,6,77.0,69
20,64,82.6,95,4,60.8,66
18,77,70.4,66,6,73.1,66
20,83,68.0,58,5,78.8,68
1,81,72.0,66,8,77.0,60
21,73,88.0,98,7,69.4,69
17,82,85.6,88,7,77.9,66
30,98,96.8,96,7,93.1,77
20,68,66.2,65,9,64.6,63
13,86,66.8,54,5,81.7,66
20,62,71.6,78,4,58.9,64
14,63,69.6,74,8,59.8,63
23,82,84.4,86,6,77.9,68
22,64,71.8,77,5,60.8,65
26,61,66.4,70,8,58.0,65
15,67,56.8,50,4,63.6,64
20,83,77.0,73,6,78.8,68
12,88,68.8,56,4,83.6,62
24,68,84.8,96,7,64.6,67
23,87,92.4,96,9,82.6,73
23,67,80.8,90,6,63.6,69
20,85,68.8,58,6,80.8,65
22,76,64.6,57,10,72.2,66
30,86,81.2,78,8,81.7,73
18,100,91.6,86,10,95.0,72
21,98,96.2,95,7,93.1,72
13,60,81.0,95,7,57.0,61
15,95,72.8,58,9,90.2,69
21,63,85.2,100,7,59.8,66
27,98,74.0,58,7,93.1,74
18,71,83.6,92,4,67.4,64
19,75,77.4,79,10,71.2,66
18,64,76.0,84,8,60.8,64
17,64,73.6,80,7,60.8,66
22,89,91.4,93,8,84.6,72
11,98,88.4,82,5,93.1,71
28,84,88.8,92,6,79.8,70
16,89,70.4,58,8,84.6,67
24,90,91.8,93,7,85.5,71
12,71,88.4,100,8,67.4,63
24,62,74.6,83,7,58.9,64
24,60,83.4,99,8,57.0,64
22,74,66.2,61,5,70.3,65
14,70,82.6,91,9,66.5,65
21,62,59.6,58,6,58.9,62
13,67,72.4,76,7,63.6,65
18,65,75.8,83,6,61.8,64
26,97,88.6,83,7,92.1,74
25,66,76.8,84,7,62.7,67
20,82,72.4,66,8,77.9,66
14,84,93.0,99,8,79.8,70
24,82,62.8,50,8,77.9,68
20,64,74.2,81,6,60.8,64
6,73,85.0,93,8,69.4,58
25,62,81.8,95,7,58.9,65
20,76,82.0,86,7,72.2,68
27,68,74.6,79,8,64.6,64
13,82,76.6,73,5,77.9,66
1,88,78.4,72,4,83.6,92
22,81,75.0,71,9,77.0,69
22,77,81.8,85,7,73.1,68
10,75,82.2,87,8,71.2,63
14,94,83.2,76,6,89.3,64
37,69,79.8,87,9,65.6,68
18,89,81.2,76,8,84.6,67
24,90,69.0,55,7,85.5,68
16,77,86.6,93,7,73.1,66
7,72,85.2,94,4,68.4,66
19,79,69.4,63,8,75.0,68
18,64,79.0,89,9,60.8,64
18,62,70.4,76,7,58.9,63
19,64,59.2,56,7,60.8,62
22,67,68.8,70,7,63.6,66
19,80,64.4,54,9,76.0,65
12,94,91.0,89,9,89.3,66
23,69,63.6,60,6,65.6,66
8,97,73.6,58,8,92.1,69
8,98,75.2,60,7,93.1,67
24,98,75.8,61,8,93.1,75
23,94,88.0,84,6,89.3,73
20,75,79.2,82,9,71.2,66
12,63,58.8,56,8,59.8,61
16,83,84.8,86,9,78.8,68
18,82,73.0,67,5,77.9,67
10,94,81.4,73,5,89.3,66
16,100,73.6,56,10,95.0,69
24,80,83.0,85,9,76.0,69
29,74,71.0,69,6,70.3,67
17,67,76.0,82,8,63.6,65
25,60,66.6,71,6,57.0,63
9,80,63.2,52,4,76.0,63
24,82,83.8,85,4,77.9,66
15,93,84.0,78,7,88.4,66
22,80,75.2,72,9,76.0,69
19,97,74.8,60,9,92.1,72
28,85,82.6,81,9,80.8,70
15,94,76.0,64,8,89.3,68
24,66,69.0,71,7,62.7,66
18,94,69.4,53,9,89.3,67
19,87,88.2,89,4,82.6,68
19,67,59.8,55,8,63.6,62
15,68,84.2,95,5,64.6,64
20,97,94.6,93,6,92.1,71
20,61,83.8,99,8,58.0,65
21,79,88.6,95,8,75.0,69
21,73,88.6,99,6,69.4,65
25,87,91.2,94,8,82.6,71
26,94,71.2,56,8,89.3,69
14,74,72.8,72,7,70.3,65
25,77,63.2,54,7,73.1,66
13,99,85.8,77,10,94.0,68
24,91,82.0,76,7,86.4,72
24,96,96.0,96,7,91.2,74
9,78,90.0,98,7,74.1,64
21,69,65.4,63,7,65.6,64
17,76,77.8,79,8,72.2,63
15,89,79.4,73,9,84.6,66
28,64,71.8,77,7,60.8,67
16,71,74.6,77,6,67.4,64
15,62,82.4,96,10,58.9,62
20,77,87.8,95,7,73.1,66
24,93,70.8,56,4,88.4,71
19,61,64.6,67,10,58.0,63
27,87,87.6,88,9,82.6,72
23,97,89.2,84,9,92.1,71
7,69,76.8,82,9,65.6,61
17,88,95.2,100,10,83.6,71
17,99,79.8,67,5,94.0,69
23,98,84.8,76,6,93.1,74
4,69,87.0,99,6,65.6,61
35,64,76.6,85,6,60.8,68
23,66,75.6,82,7,62.7,67
21,88,70.0,58,6,83.6,70
27,89,72.8,62,5,84.6,69
34,87,76.2,69,6,82.6,72
25,73,73.0,73,7,69.4,66
26,67,71.8,75,9,63.6,67
21,83,90.2,95,6,78.8,70
19,79,64.6,55,8,75.0,68
17,89,72.8,62,5,84.6,68
15,78,65.4,57,4,74.1,65
16,74,81.8,87,7,70.3,63
12,72,88.2,99,6,68.4,62
20,68,84.2,95,6,64.6,66
10,71,80.0,86,6,67.4,62
21,64,56.2,51,6,60.8,61
20,74,69.8,67,6,70.3,63
21,61,80.2,93,6,58.0,65
17,67,76.6,83,5,63.6,64
38,90,72.0,60,4,85.5,74
28,73,73.0,73,4,69.4,70
13,87,67.2,54,10,82.6,63
21,89,81.2,76,7,84.6,68
16,83,90.2,95,9,78.8,69
14,98,70.4,52,7,93.1,70
12,61,73.0,81,7,58.0,62
23,90,73.2,62,7,85.5,71
16,98,99.2,100,8,93.1,69
26,94,69.4,53,5,89.3,69
26,67,75.4,81,6,63.6,68
28,73,67.0,63,7,69.4,65
15,67,83.2,94,4,63.6,65
23,84,67.2,56,9,79.8,65
24,88,77.8,71,9,83.6,72
17,73,64.6,59,4,69.4,63
15,82,86.8,90,6,77.9,68
30,88,76.0,68,7,83.6,72
21,77,66.2,59,8,73.1,66
24,94,89.2,86,9,89.3,71
15,91,91.0,91,6,86.4,67
13,63,69.0,73,10,59.8,61
17,85,75.4,69,7,80.8,70
19,69,76.8,82,7,65.6,64
14,82,82.6,83,8,77.9,64
20,98,89.0,83,7,93.1,68
10,95,76.4,64,7,90.2,70
13,76,88.6,97,10,72.2,65
24,72,65.4,61,7,68.4,67
24,69,69.0,69,6,65.6,65
18,81,70.8,64,6,77.0,65
14,65,84.2,97,9,61.8,65
14,82,87.4,91,8,77.9,66
18,60,78.6,91,5,57.0,62
24,73,59.2,50,5,69.4,63
26,69,78.0,84,7,65.6,63
17,99,76.8,62,8,94.0,70
13,89,94.4,98,6,84.6,67
22,74,75.8,77,4,70.3,66
15,64,72.4,78,5,60.8,63
17,81,73.2,68,9,77.0,66
28,69,73.8,77,8,65.6,67
25,81,84.6,87,9,77.0,68
21,93,84.0,78,9,88.4,67
12,85,83.2,82,6,80.8,66
21,85,78.4,74,6,80.8,71
26,82,84.4,86,7,77.9,69
18,97,95.8,95,8,92.1,72
28,97,70.6,53,9,92.1,70
28,81,65.4,55,10,77.0,68
30,72,79.2,84,8,68.4,68
22,78,72.6,69,8,74.1,67
24,67,65.2,64,10,63.6,62
28,85,69.4,59,7,80.8,67
23,80,79.4,79,9,76.0,69
17,64,65.8,67,8,60.8,64
17,68,72.2,75,8,64.6,66
21,79,90.4,98,7,75.0,69
12,96,91.2,88,5,91.2,70
19,83,87.2,90,8,78.8,69
27,87,68.4,56,8,82.6,72
7,74,69.2,66,6,70.3,61
29,83,66.2,55,7,78.8,68
27,78,90.0,98,6,74.1,68
17,86,84.8,84,6,81.7,66
23,62,55.4,51,6,58.9,65
20,80,76.4,74,5,76.0,66
27,72,66.6,63,6,68.4,67
26,73,75.4,77,8,69.4,68
12,98,74.6,59,9,93.1,67
24,67,58.6,53,10,63.6,63
19,72,68.4,66,6,68.4,64
20,80,71.0,65,9,76.0,66
16,95,89.6,86,8,90.2,69
30,77,75.2,74,7,73.1,70
26,90,75.0,65,8,85.5,72
16,94,85.0,79,9,89.3,71
12,72,61.2,54,6,68.4,63
18,76,80.2,83,6,72.2,68
23,74,63.8,57,6,70.3,67
21,93,75.6,64,6,88.4,69
28,62,63.2,64,9,58.9,65
25,72,72.6,73,6,68.4,69
26,87,93.6,98,6,82.6,71
22,83,72.8,66,7,78.8,67
12,77,69.2,64,7,73.1,64
19,82,67.6,58,6,77.9,68
26,68,69.2,70,10,64.6,67
20,77,66.2,59,6,73.1,62
23,80,66.2,57,7,76.0,68
18,96,94.2,93,4,91.2,72
14,70,59.8,53,7,66.5,61
19,95,89.6,86,5,90.2,67
22,86,70.4,60,6,81.7,70
16,61,55.0,51,4,58.0,59
19,89,89.6,90,6,84.6,70
14,61,75.4,85,7,58.0,60
27,100,80.2,67,7,95.0,74
18,95,70.4,54,6,90.2,68
29,72,69.6,68,7,68.4,67
29,70,63.4,59,6,66.5,67
20,75,88.2,97,7,71.2,66
14,74,75.2,76,7,70.3,63
7,75,88.8,98,7,71.2,62
11,73,70.0,68,7,69.4,64
12,85,80.8,78,6,80.8,68
28,67,62.8,60,8,63.6,65
21,94,91.6,90,8,89.3,71
22,92,68.0,52,7,87.4,68
7,79,82.6,85,9,75.0,62
13,94,79.6,70,7,89.3,68
25,70,75.4,79,7,66.5,68
22,61,72.4,80,7,58.0,67
19,85,85.6,86,7,80.8,67
23,78,67.2,60,6,74.1,70
30,83,79.4,77,4,78.8,69
19,96,81.0,71,7,91.2,70
20,99,78.0,64,8,94.0,69
21,85,79.0,75,5,80.8,70
34,91,95.2,98,9,86.4,72
7,63,83.4,97,5,59.8,59
24,66,64.8,64,6,62.7,64
19,89,92.0,94,10,84.6,72
23,77,87.2,94,8,73.1,70
16,78,68.4,62,7,74.1,63
20,72,76.8,80,7,68.4,66
24,84,89.4,93,9,79.8,72
39,67,72.4,76,5,63.6,71
25,85,74.8,68,9,80.8,71
15,67,76.6,83,6,63.6,62
17,63,60.6,59,8,59.8,62
17,73,64.0,58,6,69.4,64
9,69,82.8,92,10,65.6,65
18,96,69.6,52,7,91.2,68
24,62,78.8,90,5,58.9,67
12,67,65.8,65,8,63.6,61
26,82,77.2,74,9,77.9,68
23,79,77.8,77,9,75.0,68
16,62,77.6,88,7,58.9,62
19,60,80.4,94,8,57.0,62
30,100,94.0,90,6,95.0,74
24,86,81.8,79,8,81.7,68
20,75,70.2,67,8,71.2,66
19,79,77.2,76,4,75.0,67
20,71,59.6,52,5,67.4,65
17,74,66.8,62,7,70.3,66
7,86,75.2,68,7,81.7,67
32,95,77.6,66,7,90.2,76
21,67,59.8,55,7,63.6,66
22,94,69.4,53,9,89.3,68
20,65,68.6,71,8,61.8,63
16,69,60.0,54,4,65.6,65
19,61,62.8,64,10,58.0,63
10,66,70.8,74,4,62.7,59
34,97,74.8,60,8,92.1,74
13,78,63.6,54,5,74.1,62
14,63,68.4,72,9,59.8,59
17,98,82.4,72,7,93.1,71
28,95,95.6,96,8,90.2,73
20,90,69.6,56,4,85.5,68
13,97,87.4,81,8,92.1,68
28,69,67.2,66,8,65.6,66
24,93,70.8,56,8,88.4,69
23,88,77.2,70,8,83.6,70
24,95,80.6,71,7,90.2,74
34,92,77.6,68,7,87.4,75
33,74,82.4,88,6,70.3,71
16,91,91.6,92,6,86.4,71
30,70,62.2,57,9,66.5,65
22,73,64.0,58,6,69.4,65
23,64,68.2,71,4,60.8,65
10,97,78.4,66,6,92.1,67
19,72,83.4,91,8,68.4,67
15,81,92.4,100,7,77.0,67
25,76,65.8,59,8,72.2,71
26,98,92.0,88,4,93.1,72
8,73,77.2,80,4,69.4,62
20,91,85.6,82,7,86.4,70
27,94,75.4,63,9,89.3,72
19,77,63.8,55,4,73.1,64
24,75,76.2,77,8,71.2,66
22,90,84.6,81,9,85.5,69
22,97,97.6,98,7,92.1,71
18,90,86.4,84,8,85.5,68
13,69,70.8,72,7,65.6,63
13,96,98.4,100,7,91.2,71
24,76,71.8,69,8,72.2,65
20,83,68.0,58,10,78.8,66
19,93,85.8,81,6,88.4,68
17,68,65.0,63,7,64.6,61
18,91,94.0,96,6,86.4,71
26,84,76.2,71,7,79.8,70
18,96,72.6,57,7,91.2,66
12,67,61.0,57,9,63.6,61
24,77,80.0,82,9,73.1,67
19,93,78.0,68,8,88.4,72
20,61,65.2,68,9,58.0,65
30,64,74.2,81,6,60.8,68
20,100,76.6,61,6,95.0,70
22,71,62.6,57,8,67.4,63
13,99,89.4,83,7,94.0,69
19,67,56.8,50,10,63.6,62
24,74,86.6,95,4,70.3,71
11,90,71.4,59,8,85.5,64
21,86,77.6,72,8,81.7,69
21,83,69.8,61,6,78.8,71
20,81,69.0,61,6,77.0,63
26,94,92.8,92,6,89.3,72
22,69,75.0,79,5,65.6,66
29,78,70.8,66,9,74.1,69
14,66,64.2,63,10,62.7,60
21,84,70.2,61,6,79.8,68
21,70,74.8,78,6,66.5,65
14,73,81.4,87,5,69.4,67
26,79,69.4,63,5,75.0,66
34,61,64.6,67,6,58.0,68
20,64,77.2,86,9,60.8,63
23,87,87.0,87,10,82.6,73
21,77,66.8,60,6,73.1,66
16,95,79.4,69,6,90.2,67
9,88,91.0,93,5,83.6,66
16,60,76.2,87,8,57.0,60
12,85,68.8,58,8,80.8,67
30,64,67.0,69,7,60.8,67
19,91,95.8,99,6,86.4,70
18,100,85.6,76,9,95.0,69
25,81,84.0,86,8,77.0,68
13,87,67.8,55,8,82.6,67
15,69,82.8,92,8,65.6,63
20,78,79.2,80,7,74.1,70
26,94,73.0,59,6,89.3,71
23,67,68.2,69,8,63.6,67
21,71,60.8,54,8,67.4,64
20,78,84.6,89,8,74.1,66
22,88,87.4,87,5,83.6,70
21,75,75.0,75,8,71.2,65
14,97,82.6,73,7,92.1,68
20,64,69.4,73,6,60.8,65
14,75,61.2,52,8,71.2,65
20,88,76.0,68,7,83.6,69
17,69,61.2,56,10,65.6,63
35,86,69.8,59,8,81.7,70
20,67,85.6,98,7,63.6,64
12,62,62.6,63,7,58.9,62
19,65,70.4,74,5,61.8,66
23,97,95.2,94,9,92.1,73
30,82,75.4,71,7,77.9,72
16,92,82.4,76,7,87.4,68
11,73,64.0,58,5,69.4,62
25,84,72.0,64,8,79.8,67
12,80,77.0,75,6,76.0,62
17,98,80.0,68,6,93.1,72
18,90,67.2,52,7,85.5,67
20,89,77.6,70,6,84.6,68
24,62,79.4,91,6,58.9,65
16,82,66.4,56,7,77.9,79
18,79,62.2,51,9,75.0,66
20,97,72.4,56,8,92.1,68
21,70,78.4,84,8,66.5,65
21,71,82.4,90,8,67.4,67
23,76,61.6,52,6,72.2,67
25,70,84.4,94,9,66.5,67
22,65,74.6,81,4,61.8,68
23,94,83.2,76,8,89.3,72
11,82,70.6,63,8,77.9,65
20,94,79.0,69,7,89.3,65
23,93,95.4,97,6,88.4,70
24,71,86.0,96,7,67.4,67
16,82,81.4,81,6,77.9,68
16,63,72.6,79,8,59.8,63
17,97,75.4,61,8,92.1,68
23,76,89.2,98,8,72.2,69
26,76,83.2,88,8,72.2,66
18,72,70.2,69,8,68.4,64
25,78,85.8,91,8,74.1,69
21,70,64.6,61,6,66.5,62
19,75,66.6,61,5,71.2,65
19,92,90.8,90,7,87.4,70
24,93,84.0,78,8,88.4,72
22,72,75.6,78,5,68.4,66
34,79,79.0,79,7,75.0,70
15,95,71.6,56,9,90.2,67
23,62,65.0,67,7,58.9,65
17,96,85.8,79,9,91.2,68
15,69,64.8,62,9,65.6,62
20,87,79.8,75,7,82.6,68
21,83,80.0,78,6,78.8,69
38,82,91.0,97,6,77.9,72
19,94,74.8,62,7,89.3,65
13,64,68.8,72,5,60.8,63
22,74,89.0,99,5,70.3,68
8,82,68.2,59,4,77.9,62
19,92,90.2,89,7,87.4,69
20,69,63.0,59,10,65.6,65
25,92,92.6,93,4,87.4,74
26,76,74.8,74,7,72.2,70
17,68,86.6,99,7,64.6,65
19,90,71.4,59,7,85.5,70
15,64,76.0,84,9,60.8,59
13,81,83.4,85,6,77.0,63
22,63,76.8,86,4,59.8,64
12,74,62.6,55,6,70.3,63
18,84,72.0,64,6,79.8,67
14,82,73.0,67,4,77.9,65
23,76,70.0,66,7,72.2,67
31,77,81.2,84,5,73.1,73
12,69,59.4,53,7,65.6,64
9,78,83.4,87,6,74.1,65
19,98,84.8,76,5,93.1,72
20,94,73.0,59,8,89.3,72
21,66,63.0,61,7,62.7,66
17,61,57.4,55,7,58.0,62
19,97,82.6,73,8,92.1,68
22,81,80.4,80,7,77.0,67
26,82,80.2,79,7,77.9,69
8,91,95.2,98,6,86.4,67
18,73,68.2,65,5,69.4,63
21,79,84.4,88,7,75.0,65
14,99,91.2,86,6,94.0,71
30,87,66.6,53,8,82.6,70
16,66,84.6,97,7,62.7,68
20,65,84.2,97,8,61.8,65
23,68,69.2,70,6,64.6,68
16,91,79.0,71,5,86.4,69
9,72,83.4,91,10,68.4,62
17,61,69.4,75,7,58.0,62
26,98,93.2,90,8,93.1,72
18,67,58.0,52,5,63.6,64
15,60,61.8,63,7,57.0,58
26,69,60.6,55,9,65.6,66
18,69,71.4,73,5,65.6,64
17,77,86.6,93,10,73.1,68
21,97,85.6,78,7,92.1,69
25,95,83.6,76,6,90.2,71
34,78,72.0,68,8,74.1,71
25,76,62.2,53,9,72.2,67
27,82,85.6,88,6,77.9,71
17,70,75.4,79,6,66.5,64
14,62,83.0,97,7,58.9,62
20,98,82.4,72,8,93.1,70
21,67,68.8,70,7,63.6,63
14,68,86.6,99,8,64.6,66
19,79,65.8,57,8,75.0,65
22,80,69.8,63,7,76.0,69
22,61,68.8,74,6,58.0,63
23,66,72.0,76,7,62.7,64
22,75,76.2,77,10,71.2,66
17,87,71.4,61,7,82.6,67
17,69,85.2,96,9,65.6,66
13,77,81.8,85,6,73.1,65
31,82,70.6,63,7,77.9,72
20,96,77.4,65,8,91.2,70
19,73,85.6,94,9,69.4,67
14,65,67.4,69,9,61.8,64
38,80,78.8,78,5,76.0,72
14,90,69.6,56,9,85.5,65
17,64,63.4,63,10,60.8,62
22,77,73.4,71,6,73.1,67
24,61,74.2,83,6,58.0,64
26,61,62.8,64,7,58.0,63
31,79,90.4,98,7,75.0,72
23,72,65.4,61,6,68.4,66
14,94,91.0,89,5,89.3,70
18,84,74.4,68,9,79.8,66
22,78,86.4,92,6,74.1,70
32,76,88.0,96,6,72.2,67
12,80,67.4,59,7,76.0,64
27,62,69.8,75,5,58.9,67
21,96,73.2,58,5,91.2,72
25,100,91.0,85,6,95.0,72
19,67,82.0,92,8,63.6,68
15,65,67.4,69,7,61.8,64
25,66,68.4,70,4,62.7,66
24,86,70.4,60,9,81.7,68
26,86,73.4,65,8,81.7,66
20,94,77.2,66,7,89.3,70
16,90,70.8,58,7,85.5,70
11,78,70.2,65,8,74.1,62
25,85,91.0,95,10,80.8,69
23,88,74.8,66,8,83.6,69
14,81,70.8,64,7,77.0,66
17,79,73.0,69,5,75.0,68
17,86,93.2,98,7,81.7,71
11,82,85.6,88,8,77.9,64
15,86,70.4,60,7,81.7,67
13,85,86.8,88,6,80.8,68
18,89,88.4,88,8,84.6,67
16,86,93.2,98,6,81.7,68
10,81,89.4,95,8,77.0,69
32,87,67.8,55,6,82.6,71
28,78,75.0,73,4,74.1,68
15,70,79.0,85,6,66.5,65
22,60,83.4,99,7,57.0,63
23,82,65.2,54,8,77.9,65
27,84,74.4,68,8,79.8,72
15,99,84.6,75,5,94.0,67
27,74,72.2,71,7,70.3,69
17,76,74.2,73,6,72.2,67
12,68,68.0,68,6,64.6,64
24,63,84.6,99,6,59.8,62
28,91,90.4,90,7,86.4,71
36,70,80.2,87,10,66.5,70
13,84,76.2,71,10,79.8,64
24,88,91.6,94,6,83.6,69
18,79,64.6,55,7,75.0,65
25,95,72.2,57,7,90.2,73
11,78,90.0,98,7,74.1,64
12,71,75.2,78,8,67.4,64
15,96,73.2,58,7,91.2,70
20,94,95.8,97,6,89.3,70
16,67,86.2,99,9,63.6,64
24,61,80.8,94,5,58.0,64
26,64,62.8,62,7,60.8,66
24,71,66.8,64,5,67.4,66
30,99,81.6,70,5,94.0,74
22,82,80.2,79,8,77.9,69
13,75,90.0,100,6,71.2,67
28,96,97.2,98,4,91.2,73
16,78,88.8,96,6,74.1,66
25,73,61.6,54,6,69.4,67
29,98,92.0,88,5,93.1,75
23,94,94.0,94,8,89.3,73
11,94,77.8,67,5,89.3,67
14,80,68.6,61,6,76.0,65
28,92,89.0,87,7,87.4,71
19,67,59.8,55,6,63.6,63
20,83,91.4,97,6,78.8,68
25,99,74.4,58,6,94.0,72
24,72,72.6,73,5,68.4,67
22,92,96.2,99,6,87.4,71
19,80,91.4,99,8,76.0,67
18,62,78.2,89,6,58.9,66
25,91,91.6,92,7,86.4,72
23,67,85.6,98,9,63.6,64
18,85,91.6,96,8,80.8,68
26,63,73.8,81,5,59.8,65
19,98,91.4,87,8,93.1,74
15,72,76.8,80,9,68.4,65
15,69,72.6,75,6,65.6,63
14,65,82.4,94,5,61.8,65
18,98,91.4,87,6,93.1,70
27,88,91.0,93,7,83.6,71
15,90,69.0,55,8,85.5,66
21,80,79.4,79,6,76.0,69
16,79,71.2,66,4,75.0,67
18,64,71.2,76,5,60.8,64
11,82,81.4,81,8,77.9,67
19,70,83.2,92,10,66.5,67
19,99,70.8,52,7,94.0,70
23,92,71.6,58,9,87.4,71
21,77,88.4,96,5,73.1,68
13,66,85.2,98,6,62.7,65
27,91,68.2,53,4,86.4,70
21,65,66.2,67,8,61.8,64
21,68,57.2,50,6,64.6,67
20,68,80.0,88,8,64.6,63
17,82,83.2,84,6,77.9,65
21,91,83.2,78,10,86.4,70
23,73,80.2,85,10,69.4,67
10,63,71.4,77,4,59.8,60
17,79,68.8,62,8,75.0,64
18,90,88.8,88,6,85.5,65
22,69,81.0,89,8,65.6,64
27,69,83.4,93,5,65.6,67
15,98,98.0,98,9,93.1,71
17,98,91.4,87,9,93.1,69
17,100,71.8,53,5,95.0,70
15,92,67.4,51,7,87.4,69
18,68,79.4,87,7,64.6,69
25,68,59.0,53,8,64.6,64
14,74,69.2,66,7,70.3,63
23,73,63.4,57,8,69.4,67
10,98,98.0,98,7,93.1,66
17,92,76.4,66,8,87.4,69
18,89,67.4,53,5,84.6,69
30,67,85.0,97,7,63.6,69
18,96,86.4,80,9,91.2,72
7,93,68.4,52,9,88.4,65
8,67,82.0,92,7,63.6,63
20,95,72.8,58,7,90.2,69
24,71,82.4,90,9,67.4,69
22,63,73.2,80,7,59.8,64
21,86,69.8,59,9,81.7,69
27,86,87.2,88,7,81.7,72
17,64,69.4,73,7,60.8,62
25,73,78.4,82,5,69.4,66
10,100,95.8,93,5,95.0,65
15,87,72.6,63,8,82.6,69
9,89,76.4,68,10,84.6,65
18,69,87.6,100,7,65.6,67
20,63,70.2,75,7,59.8,63
21,71,75.2,78,9,67.4,66
20,70,66.4,64,8,66.5,61
14,69,70.2,71,4,65.6,64
19,68,72.2,75,8,64.6,64
11,83,71.0,63,5,78.8,65
28,73,66.4,62,7,69.4,68
18,93,85.2,80,6,88.4,69
17,67,62.2,59,6,63.6,61
30,79,78.4,78,7,75.0,72
13,61,75.4,85,8,58.0,61
13,79,67.6,60,7,75.0,66
13,62,77.0,87,9,58.9,60
20,99,80.4,68,9,94.0,69
23,92,96.8,100,9,87.4,72
24,80,91.4,99,7,76.0,69
35,63,79.2,90,6,59.8,71
7,84,73.8,67,7,79.8,64
24,90,94.2,97,9,85.5,71
17,68,87.2,100,9,64.6,64
16,83,77.0,73,4,78.8,67
16,93,85.8,81,7,88.4,67
15,91,66.4,50,4,86.4,66
30,92,68.0,52,7,87.4,73
25,95,83.0,75,6,90.2,73
20,98,87.2,80,6,93.1,70
28,76,70.0,66,8,72.2,70
11,83,66.2,55,6,78.8,62
12,92,90.2,89,7,87.4,68
7,88,77.8,71,6,83.6,65
16,100,89.2,82,7,95.0,73
21,61,74.2,83,8,58.0,65
21,74,75.8,77,6,70.3,66
21,71,63.8,59,8,67.4,64
12,70,76.6,81,7,66.5,63
25,69,67.2,66,7,65.6,62
21,88,89.8,91,6,83.6,70
24,63,61.2,60,8,59.8,65
9,90,75.0,65,8,85.5,64
22,88,78.4,72,7,83.6,70
13,70,80.2,87,7,66.5,62
18,70,79.6,86,8,66.5,67
23,85,74.2,67,8,80.8,66
21,90,81.6,76,7,85.5,74
15,95,75.2,62,9,90.2,69
20,94,91.0,89,8,89.3,70
11,99,75.6,60,10,94.0,68
27,83,87.8,91,5,78.8,70
19,96,96.6,97,8,91.2,71
27,92,96.8,100,9,87.4,73
17,96,94.2,93,9,91.2,69
17,60,60.6,61,7,57.0,61
15,99,82.2,71,5,94.0,68
25,79,64.0,54,9,75.0,66
16,92,71.6,58,6,87.4,67
24,65,57.2,52,7,61.8,64
18,76,79.6,82,10,72.2,67
8,71,74.6,77,5,67.4,61
17,72,86.4,96,8,68.4,65
13,65,69.8,73,6,61.8,62
20,92,86.0,82,6,87.4,69
13,60,66.0,70,7,57.0,61
26,73,83.8,91,8,69.4,69
19,67,84.4,96,8,63.6,64
19,84,76.8,72,9,79.8,65
24,70,60.4,54,6,66.5,64
26,70,62.8,58,5,66.5,68
20,80,83.6,86,6,76.0,67
15,86,74.0,66,8,81.7,68
9,65,79.4,89,7,61.8,61
16,67,79.0,87,4,63.6,69
16,70,79.0,85,4,66.5,64
21,99,94.2,91,7,94.0,74
18,76,83.2,88,8,72.2,66
24,84,82.8,82,6,79.8,68
16,70,58.0,50,8,66.5,65
20,80,77.6,76,5,76.0,66
27,63,73.2,80,7,59.8,66
22,61,83.2,98,7,58.0,65
20,79,81.4,83,8,75.0,67
16,76,77.8,79,5,72.2,65
16,65,72.2,77,5,61.8,63
15,88,68.2,55,8,83.6,67
17,100,82.6,71,5,95.0,70
25,76,64.6,57,6,72.2,68
19,85,65.8,53,9,80.8,66
12,99,79.2,66,7,94.0,67
31,93,86.4,82,8,88.4,72
22,79,87.4,93,8,75.0,68
12,89,90.2,91,8,84.6,66
17,65,65.0,65,7,61.8,62
21,80,63.2,52,6,76.0,65
30,71,70.4,70,10,67.4,67
13,66,66.0,66,7,62.7,62
26,77,72.2,69,7,73.1,66
28,65,72.8,78,8,61.8,67
16,88,66.4,52,6,83.6,68
18,78,72.6,69,6,74.1,66
14,81,79.2,78,9,77.0,68
19,66,69.6,72,6,62.7,62
20,66,76.2,83,8,62.7,64
24,83,68.6,59,8,78.8,68
27,99,74.4,58,7,94.0,71
16,64,64.6,65,7,60.8,63
8,71,61.4,55,8,67.4,62
20,95,75.2,62,7,90.2,69
22,63,57.6,54,4,59.8,62
21,95,80.0,70,9,90.2,71
18,81,84.0,86,6,77.0,69
21,76,68.8,64,7,72.2,66
29,72,58.8,50,5,68.4,64
22,72,75.6,78,6,68.4,65
18,72,79.8,85,6,68.4,68
17,95,80.0,70,7,90.2,69
19,89,74.6,65,6,84.6,68
30,87,79.8,75,10,82.6,71
19,92,69.8,55,7,87.4,66
20,70,77.2,82,8,66.5,65
17,85,86.2,87,7,80.8,68
27,78,82.2,85,8,74.1,72
32,91,76.0,66,4,86.4,75
23,72,84.0,92,6,68.4,67
20,86,92.6,97,6,81.7,67
20,95,77.0,65,6,90.2,70
6,76,68.2,63,8,72.2,64
24,63,76.2,85,8,59.8,65
21,81,83.4,85,7,77.0,68
23,74,75.2,76,7,70.3,67
16,87,92.4,96,10,82.6,66
18,98,73.4,57,7,93.1,69
18,79,76.0,74,4,75.0,64
26,79,62.8,52,8,75.0,68
18,86,66.2,53,8,81.7,68
32,64,57.4,53,9,60.8,65
23,70,73.0,75,8,66.5,65
12,97,86.2,79,6,92.1,65
19,87,64.8,50,8,82.6,67
16,61,73.6,82,7,58.0,63
7,68,71.6,74,9,64.6,62
30,87,71.4,61,9,82.6,73
24,91,67.0,51,7,86.4,72
23,94,72.4,58,8,89.3,71
21,72,76.8,80,9,68.4,67
12,97,88.6,83,7,92.1,66
17,82,82.0,82,10,77.9,68
25,88,70.0,58,9,83.6,70
14,84,91.2,96,6,79.8,66
5,65,68.6,71,7,61.8,56
19,99,92.4,88,8,94.0,71
19,65,60.8,58,10,61.8,64
21,70,72.4,74,8,66.5,65
24,93,82.8,76,7,88.4,70
24,85,87.4,89,9,80.8,70
22,94,86.2,81,7,89.3,71
27,81,74.4,70,6,77.0,70
11,75,68.4,64,8,71.2,62
23,97,98.2,99,6,92.1,72
24,61,62.8,64,10,58.0,62
13,94,71.2,56,7,89.3,67
11,69,66.6,65,8,65.6,58
16,94,77.2,66,6,89.3,69
16,66,60.0,56,9,62.7,60
25,83,84.2,85,7,78.8,72
16,96,87.0,81,7,91.2,66
15,79,71.2,66,7,75.0,66
16,90,96.0,100,5,85.5,69
27,92,86.6,83,7,87.4,70
20,89,86.6,85,8,84.6,70
19,97,85.6,78,5,92.1,70
19,78,78.0,78,9,74.1,67
28,67,57.4,51,7,63.6,67
16,62,78.2,89,7,58.9,59
28,70,85.6,96,4,66.5,67
21,66,60.0,56,7,62.7,65
19,82,86.8,90,5,77.9,68
35,67,73.0,77,6,63.6,71
14,62,63.2,64,5,58.9,61
18,61,82.0,96,6,58.0,63
13,93,67.8,51,7,88.4,67
26,84,72.0,64,7,79.8,69
30,74,86.0,94,8,70.3,70
30,96,82.8,74,4,91.2,69
27,63,73.2,80,7,59.8,66
19,99,91.8,87,7,94.0,70
18,85,68.2,57,6,80.8,67
10,67,63.4,61,6,63.6,61
32,87,94.8,100,9,82.6,74
23,91,73.6,62,10,86.4,70
17,77,77.0,77,4,73.1,66
28,94,76.6,65,6,89.3,73
14,66,82.2,93,5,62.7,62
22,71,87.2,98,7,67.4,65
19,64,59.8,57,9,60.8,62
24,68,75.2,80,8,64.6,64
20,70,82.6,91,7,66.5,63
11,97,93.4,91,7,92.1,69
20,63,68.4,72,7,59.8,63
26,77,67.4,61,8,73.1,67
20,81,73.8,69,8,77.0,65
25,96,91.2,88,8,91.2,71
14,100,100.0,100,4,95.0,71
20,90,82.8,78,7,85.5,69
16,99,75.6,60,7,94.0,71
24,91,67.6,52,8,86.4,68
20,99,97.8,97,7,94.0,70
24,88,79.6,74,8,83.6,71
27,63,76.8,86,6,59.8,68
24,76,80.2,83,8,72.2,69
22,86,91.4,95,9,81.7,71
14,74,67.4,63,5,70.3,63
20,71,71.6,72,5,67.4,66
17,83,90.8,96,8,78.8,67
18,97,86.2,79,7,92.1,71
18,61,56.8,54,9,58.0,59
14,91,72.4,60,7,86.4,67
8,89,72.8,62,8,84.6,66
16,99,99.6,100,6,94.0,72
21,97,75.4,61,8,92.1,70
12,90,91.8,93,8,85.5,68
20,81,64.8,54,6,77.0,63
31,68,62.6,59,9,64.6,69
26,82,89.2,94,4,77.9,67
30,91,93.4,95,7,86.4,75
22,96,73.8,59,5,91.2,67
27,92,73.4,61,5,87.4,74
16,68,73.4,77,8,64.6,66
16,84,65.4,53,5,79.8,65
4,73,87.4,97,5,69.4,60
27,60,64.8,68,8,57.0,63
29,68,71.6,74,5,64.6,69
17,65,59.0,55,9,61.8,64
18,94,68.8,52,8,89.3,68
15,70,71.8,73,6,66.5,63
22,71,62.0,56,8,67.4,65
27,98,88.4,82,4,93.1,74
10,75,84.0,90,8,71.2,65
22,60,55.2,52,5,57.0,61
18,71,77.0,81,6,67.4,66
21,65,80.6,91,6,61.8,67
23,64,68.8,72,9,60.8,66
19,63,84.0,98,6,59.8,69
19,84,67.2,56,7,79.8,65
19,68,66.8,66,6,64.6,65
26,74,66.8,62,6,70.3,66
23,94,97.6,100,5,89.3,73
21,77,69.8,65,7,73.1,64
12,97,80.2,69,7,92.1,67
18,80,87.2,92,8,76.0,67
25,76,88.0,96,7,72.2,68
20,90,94.2,97,7,85.5,71
24,63,72.0,78,8,59.8,64
31,64,75.4,83,6,60.8,67
26,86,74.6,67,5,81.7,68
21,79,79.6,80,8,75.0,67
17,92,75.8,65,6,87.4,70
5,97,91.0,87,7,92.1,64
19,76,69.4,65,6,72.2,63
18,84,90.0,94,6,79.8,71
22,80,66.2,57,4,76.0,64
19,99,87.0,79,8,94.0,70
18,93,82.8,76,4,88.4,70
9,96,76.2,63,9,91.2,67
14,70,58.6,51,9,66.5,62
23,91,70.6,57,6,86.4,69
30,71,87.2,98,9,67.4,69
19,68,85.4,97,10,64.6,62
22,98,72.8,56,7,93.1,70
26,61,65.8,69,8,58.0,66
15,99,83.4,73,7,94.0,69
22,66,70.8,74,9,62.7,65
16,93,76.2,65,5,88.4,66
25,71,86.0,96,7,67.4,69
21,74,86.6,95,8,70.3,66
22,69,58.2,51,8,65.6,65
15,83,83.0,83,7,78.8,66
24,74,62.0,54,9,70.3,63
33,86,82.4,80,7,81.7,72
14,61,80.2,93,7,58.0,62
18,63,74.4,82,8,59.8,64
21,64,69.4,73,7,60.8,61
25,77,89.6,98,7,73.1,70
17,93,89.4,87,6,88.4,67
3,96,75.6,62,10,91.2,66
28,70,69.4,69,6,66.5,66
25,83,86.0,88,8,78.8,68
10,91,67.0,51,10,86.4,67
16,72,60.6,53,5,68.4,65
29,76,86.2,93,8,72.2,70
29,81,63.6,52,7,77.0,69
26,65,76.4,84,10,61.8,68
19,61,64.0,66,6,58.0,61
20,66,81.0,91,6,62.7,65
19,85,89.2,92,7,80.8,71
27,63,84.0,98,6,59.8,66
15,68,60.2,55,6,64.6,62
15,74,72.2,71,10,70.3,61
26,63,72.6,79,7,59.8,67
20,68,84.8,96,6,64.6,66
28,96,76.2,63,6,91.2,71
16,61,56.8,54,8,58.0,62
20,86,70.4,60,8,81.7,67
14,75,75.0,75,6,71.2,64
20,87,85.2,84,5,82.6,68
11,84,84.6,85,7,79.8,67
17,69,60.0,54,7,65.6,63
11,94,90.4,88,6,89.3,70
24,80,81.8,83,9,76.0,67
24,93,79.2,70,8,88.4,71
10,76,77.8,79,7,72.2,62
28,99,92.4,88,6,94.0,75
35,91,74.2,63,10,86.4,72
20,99,97.8,97,5,94.0,73
16,81,66.6,57,6,77.0,64
37,79,88.6,95,6,75.0,73
12,90,88.2,87,7,85.5,66
20,95,87.8,83,8,90.2,69
21,99,72.0,54,5,94.0,70
28,73,86.8,96,6,69.4,70
22,92,75.8,65,8,87.4,71
17,68,79.4,87,6,64.6,64
14,82,89.2,94,6,77.9,71
18,67,64.0,62,7,63.6,63
14,74,87.2,96,6,70.3,68
20,97,87.4,81,7,92.1,71
17,66,76.2,83,8,62.7,65
11,85,91.6,96,7,80.8,66
28,84,79.2,76,9,79.8,72
17,65,69.2,72,8,61.8,65
12,73,78.4,82,7,69.4,60
19,83,80.0,78,7,78.8,67
20,67,58.6,53,10,63.6,65
10,92,72.2,59,6,87.4,64
22,99,70.2,51,7,94.0,72
14,69,60.6,55,6,65.6,62
30,67,78.4,86,8,63.6,67
23,78,61.2,50,10,74.1,67
18,90,75.0,65,7,85.5,69
16,71,71.6,72,7,67.4,65
19,61,82.6,97,7,58.0,62
24,82,72.4,66,5,77.9,69
20,98,92.6,89,7,93.1,72
19,76,72.4,70,10,72.2,63
20,77,63.8,55,8,73.1,64
16,99,72.6,55,9,94.0,67
18,88,78.4,72,9,83.6,70
7,89,67.4,53,6,84.6,64
26,83,80.6,79,10,78.8,69
22,99,84.6,75,4,94.0,72
15,88,86.2,85,7,83.6,69
31,96,73.8,59,4,91.2,75
21,88,83.2,80,4,83.6,67
14,89,71.0,59,8,84.6,67
25,72,80.4,86,6,68.4,66
22,72,67.8,65,9,68.4,64
22,91,85.0,81,4,86.4,68
17,72,85.2,94,7,68.4,66
23,83,77.6,74,5,78.8,69
18,70,64.0,60,7,66.5,65
23,93,93.6,94,9,88.4,70
9,64,66.4,68,10,60.8,57
17,93,89.4,87,8,88.4,69
30,84,73.2,66,5,79.8,70
15,67,65.8,65,5,63.6,63
16,82,82.0,82,7,77.9,66
17,71,63.2,58,6,67.4,64
13,73,85.0,93,8,69.4,65
7,74,71.0,69,10,70.3,64
19,63,55.8,51,6,59.8,62
21,99,78.6,65,6,94.0,71
20,61,77.8,89,5,58.0,64
19,86,90.2,93,7,81.7,72
20,75,76.8,78,7,71.2,64
26,86,73.4,65,7,81.7,71
19,74,75.2,76,8,70.3,68
17,87,90.0,92,8,82.6,68
18,89,75.2,66,7,84.6,68
23,88,76.6,69,7,83.6,69
28,65,72.2,77,7,61.8,67
16,86,90.8,94,7,81.7,66
21,71,75.8,79,6,67.4,65
22,61,60.4,60,5,58.0,63
14,77,63.2,54,7,73.1,62
20,77,63.8,55,6,73.1,67
11,79,90.4,98,8,75.0,65
9,88,89.8,91,7,83.6,66
22,72,81.6,88,7,68.4,66
18,73,74.2,75,8,69.4,64
21,62,75.2,84,5,58.9,67
20,87,68.4,56,10,82.6,67
14,83,81.8,81,4,78.8,61
20,74,84.2,91,9,70.3,66
13,88,67.0,53,7,83.6,66
28,81,71.4,65,6,77.0,67
12,79,65.2,56,5,75.0,64
19,80,69.8,63,6,76.0,64
14,85,87.4,89,7,80.8,67
23,86,74.6,67,7,81.7,68
18,72,79.2,84,9,68.4,64
17,66,79.8,89,7,62.7,63
25,66,81.0,91,7,62.7,68
20,86,90.8,94,8,81.7,64
23,95,86.0,80,7,90.2,70
14,76,68.8,64,7,72.2,64
12,67,61.6,58,7,63.6,59
21,90,81.0,75,8,85.5,71
18,93,70.2,55,6,88.4,67
24,95,95.6,96,6,90.2,73
20,84,76.8,72,8,79.8,66
21,94,94.0,94,5,89.3,73
10,61,75.4,85,7,58.0,62
31,64,81.4,93,6,60.8,69
19,64,82.0,94,8,60.8,66
24,89,67.4,53,9,84.6,68
15,63,76.8,86,6,59.8,65
22,80,68.6,61,8,76.0,67
12,79,91.0,99,7,75.0,64
23,72,82.2,89,6,68.4,67
18,95,68.0,50,7,90.2,66
20,67,84.4,96,9,63.6,68
24,74,68.6,65,7,70.3,68
13,91,79.0,71,9,86.4,64
16,61,73.0,81,7,58.0,63
23,87,92.4,96,5,82.6,72
33,93,94.8,96,7,88.4,75
19,97,85.6,78,5,92.1,71
24,95,77.6,66,7,90.2,71
19,73,67.6,64,6,69.4,66
32,83,74.0,68,10,78.8,71
10,63,60.6,59,9,59.8,61
21,70,77.8,83,7,66.5,65
10,64,71.2,76,9,60.8,58
5,73,82.6,89,6,69.4,62
22,95,71.0,55,5,90.2,69
21,74,71.6,70,8,70.3,65
18,82,70.0,62,8,77.9,69
19,77,77.0,77,6,73.1,68
39,78,75.0,73,6,74.1,70
18,99,82.8,72,8,94.0,72
23,72,68.4,66,4,68.4,66
16,85,85.6,86,8,80.8,68
22,77,75.2,74,7,73.1,67
19,62,60.8,60,8,58.9,61
18,80,78.2,77,8,76.0,64
31,93,85.2,80,6,88.4,74
27,64,56.2,51,5,60.8,64
21,63,61.2,60,9,59.8,64
6,66,63.6,62,7,62.7,61
18,91,73.6,62,7,86.4,71
36,89,72.8,62,8,84.6,72
19,83,71.6,64,6,78.8,68
27,79,69.4,63,8,75.0,69
29,96,94.8,94,8,91.2,74
21,91,76.0,66,9,86.4,70
15,92,77.0,67,9,87.4,69
5,93,75.0,63,7,88.4,64
24,86,93.2,98,8,81.7,71
15,78,77.4,77,7,74.1,65
21,95,86.6,81,7,90.2,71
13,97,91.0,87,5,92.1,71
18,61,64.6,67,7,58.0,66
20,62,83.6,98,4,58.9,64
22,98,74.0,58,7,93.1,70
13,71,72.2,73,9,67.4,61
27,95,72.2,57,8,90.2,71
16,76,84.4,90,7,72.2,65
10,65,59.0,55,7,61.8,59
19,63,72.0,78,6,59.8,63
20,66,59.4,55,6,62.7,64
21,70,71.8,73,8,66.5,63
28,80,70.4,64,5,76.0,70
19,88,92.2,95,5,83.6,70
19,99,71.4,53,8,94.0,72
13,78,80.4,82,7,74.1,65
25,81,83.4,85,7,77.0,71
21,81,88.8,94,7,77.0,70
17,82,89.2,94,10,77.9,66
9,81,91.8,99,7,77.0,64
29,60,61.8,63,7,57.0,64
13,60,62.4,64,10,57.0,59
16,64,67.6,70,7,60.8,65
22,64,71.8,77,10,60.8,66
13,88,76.0,68,4,83.6,67
11,68,79.4,87,5,64.6,62
7,96,68.4,50,6,91.2,65
24,97,69.4,51,8,92.1,73
17,99,91.2,86,10,94.0,70
38,98,95.6,94,6,93.1,75
14,71,81.8,89,8,67.4,66
14,80,65.6,56,10,76.0,65
17,67,85.0,97,9,63.6,64
21,92,82.4,76,6,87.4,70
17,96,90.6,87,8,91.2,71
24,94,73.6,60,8,89.3,68
14,77,77.0,77,6,73.1,64
12,90,76.2,67,8,85.5,67
9,64,85.0,99,6,60.8,65
7,62,69.2,74,7,58.9,62
17,90,88.8,88,5,85.5,68
18,77,78.8,80,4,73.1,66
16,100,73.0,55,7,95.0,69
27,64,71.8,77,7,60.8,68
27,94,83.8,77,5,89.3,71
18,79,83.2,86,8,75.0,68
9,93,76.8,66,7,88.4,64
17,93,93.0,93,8,88.4,66
16,97,87.4,81,8,92.1,70
16,72,60.0,52,9,68.4,60
16,98,90.2,85,8,93.1,69
16,66,83.4,95,7,62.7,65
18,63,75.6,84,7,59.8,66
16,77,72.2,69,10,73.1,64
21,93,85.2,80,8,88.4,71
22,79,67.0,59,7,75.0,66
15,93,85.2,80,7,88.4,66
28,89,80.6,75,6,84.6,68
14,68,57.8,51,5,64.6,63
10,98,78.8,66,10,93.1,66
22,62,60.8,60,8,58.9,61
15,96,80.4,70,5,91.2,70
22,72,66.0,62,7,68.4,68
6,80,87.2,92,9,76.0,65
28,77,81.8,85,6,73.1,69
24,67,79.0,87,6,63.6,67
11,74,70.4,68,8,70.3,62
11,68,57.2,50,8,64.6,61
30,68,63.8,61,6,64.6,70
16,67,79.6,88,6,63.6,65
15,80,80.0,80,8,76.0,65
6,92,83.0,77,5,87.4,66
18,83,71.6,64,6,78.8,66
19,96,70.8,54,7,91.2,69
24,85,87.4,89,8,80.8,70
12,88,66.4,52,6,83.6,63
11,87,66.6,53,8,82.6,64
23,78,70.2,65,9,74.1,65
26,88,82.6,79,6,83.6,71
11,63,85.2,100,10,59.8,61
26,94,70.6,55,9,89.3,69
20,91,80.8,74,7,86.4,69
27,70,76.0,80,7,66.5,66
20,91,91.0,91,6,86.4,72
5,61,74.8,84,9,58.0,60
19,69,81.6,90,7,65.6,62
26,63,70.8,76,5,59.8,66
15,91,79.6,72,4,86.4,69
18,90,84.6,81,7,85.5,69
19,93,94.2,95,7,88.4,71
3,60,70.8,78,6,57.0,57
30,80,80.0,80,5,76.0,72
15,88,75.4,67,4,83.6,66
23,66,74.4,80,6,62.7,66
19,86,83.0,81,6,81.7,70
28,63,78.0,88,8,59.8,67
22,67,74.2,79,7,63.6,65
19,79,67.6,60,9,75.0,63
15,86,81.8,79,8,81.7,68
25,66,65.4,65,8,62.7,63
9,67,59.2,54,8,63.6,63
24,68,81.8,91,5,64.6,68
13,70,59.8,53,6,66.5,60
28,69,76.8,82,10,65.6,67
21,76,89.8,99,4,72.2,65
24,86,66.8,54,7,81.7,68
20,78,67.8,61,8,74.1,62
9,91,89.2,88,4,86.4,65
15,89,68.6,55,6,84.6,66
24,65,81.2,92,10,61.8,67
21,62,54.8,50,7,58.9,60
27,95,94.4,94,6,90.2,74
22,63,57.0,53,7,59.8,62
14,66,84.0,96,6,62.7,61
15,61,80.2,93,10,58.0,63
21,85,80.2,77,6,80.8,66
6,83,86.6,89,6,78.8,65
30,99,72.0,54,5,94.0,72
23,95,72.2,57,7,90.2,70
27,76,71.2,68,7,72.2,71
11,75,76.2,77,9,71.2,64
27,72,84.6,93,5,68.4,70
33,66,72.6,77,8,62.7,68
12,66,76.2,83,7,62.7,61
25,65,76.4,84,4,61.8,68
20,65,82.4,94,6,61.8,64
11,70,81.4,89,6,66.5,64
23,72,88.2,99,10,68.4,71
25,98,69.8,51,8,93.1,72
16,83,69.2,60,7,78.8,66
27,100,98.2,97,4,95.0,74
10,75,84.0,90,4,71.2,65
11,78,69.0,63,8,74.1,64
21,73,88.6,99,8,69.4,69
20,67,82.6,93,6,63.6,62
16,66,58.2,53,7,62.7,62
25,98,93.8,91,7,93.1,72
23,99,93.0,89,7,94.0,73
25,62,61.4,61,6,58.9,64
19,66,76.2,83,8,62.7,65
24,77,90.2,99,9,73.1,70
17,67,77.2,84,6,63.6,66
32,75,84.6,91,5,71.2,70
15,65,59.0,55,6,61.8,63
33,78,82.8,86,7,74.1,69
20,71,64.4,60,8,67.4,64
12,74,62.0,54,8,70.3,63
28,64,72.4,78,8,60.8,66
21,77,83.6,88,8,73.1,68
25,99,85.8,77,7,94.0,97
27,73,87.4,97,9,69.4,67
22,95,89.0,85,7,90.2,71
16,94,71.2,56,8,89.3,66
26,98,97.4,97,7,93.1,72
20,92,71.6,58,7,87.4,70
24,86,87.2,88,7,81.7,69
7,94,71.8,57,9,89.3,66
23,63,85.2,100,7,59.8,69
16,79,71.8,67,6,75.0,65
30,100,85.0,75,6,95.0,75
24,91,80.2,73,8,86.4,70
21,98,72.2,55,6,93.1,70
23,91,81.4,75,7,86.4,69
14,95,72.2,57,7,90.2,68
30,88,89.2,90,6,83.6,73
32,90,94.8,98,5,85.5,74
22,81,86.4,90,5,77.0,66
30,97,82.0,72,6,92.1,74
17,93,67.2,50,5,88.4,67
15,94,68.8,52,8,89.3,67
20,87,79.8,75,10,82.6,70
23,72,79.2,84,6,68.4,67
18,61,79.0,91,6,58.0,80
23,97,86.8,80,6,92.1,70
22,83,92.6,99,8,78.8,71
14,72,73.8,75,8,68.4,64
23,66,74.4,80,7,62.7,68
25,93,74.4,62,5,88.4,68
21,93,77.4,67,6,88.4,69
27,93,87.6,84,7,88.4,72
13,86,82.4,80,7,81.7,65
23,75,70.8,68,7,71.2,64
13,72,62.4,56,8,68.4,64
13,60,64.2,67,5,57.0,58
16,93,68.4,52,7,88.4,69
14,63,72.6,79,7,59.8,61
17,85,73.6,66,6,80.8,68
19,80,73.4,69,6,76.0,66
25,81,79.8,79,8,77.0,68
18,97,86.2,79,5,92.1,70
10,61,71.8,79,10,58.0,62
27,91,81.4,75,8,86.4,71
15,62,69.2,74,7,58.9,61
20,62,79.4,91,7,58.9,64
23,77,74.6,73,8,73.1,65
21,63,71.4,77,6,59.8,63
27,92,96.2,99,6,87.4,74
23,81,67.8,59,9,77.0,68
15,61,76.0,86,6,58.0,65
33,62,69.2,74,7,58.9,66
21,85,89.2,92,6,80.8,69
19,92,78.8,70,7,87.4,69
26,78,70.2,65,8,74.1,70
21,82,68.8,60,10,77.9,70
22,92,93.2,94,6,87.4,71
35,84,85.2,86,5,79.8,72
18,69,60.0,54,7,65.6,61
18,85,85.6,86,6,80.8,68
21,85,65.2,52,7,80.8,66
26,89,71.0,59,8,84.6,70
11,85,82.0,80,10,80.8,63
8,99,83.4,73,6,94.0,68
16,68,82.4,92,4,64.6,62
10,98,87.2,80,7,93.1,69
17,82,91.6,98,8,77.9,69
23,87,90.6,93,6,82.6,72
15,64,65.8,67,7,60.8,64
11,75,85.2,92,7,71.2,63
20,91,92.2,93,7,86.4,70
25,88,94.0,98,8,83.6,69
10,62,55.4,51,7,58.9,61
25,82,89.2,94,8,77.9,70
25,64,57.4,53,4,60.8,64
26,100,85.6,76,6,95.0,76
27,96,81.0,71,6,91.2,73
33,61,82.0,96,5,58.0,67
18,94,79.6,70,7,89.3,69
21,97,86.8,80,6,92.1,72
18,74,80.6,85,6,70.3,66
20,89,66.2,51,8,84.6,70
29,78,79.2,80,7,74.1,73
12,86,80.0,76,5,81.7,68
15,74,77.6,80,6,70.3,66
28,73,61.6,54,8,69.4,67
26,77,62.6,53,7,73.1,67
18,66,61.8,59,9,62.7,62
25,93,93.0,93,8,88.4,72
22,74,70.4,68,6,70.3,65
29,76,73.6,72,9,72.2,69
20,96,80.4,70,9,91.2,69
26,80,83.6,86,4,76.0,69
36,82,70.6,63,7,77.9,69
24,98,71.0,53,6,93.1,69
20,95,79.4,69,7,90.2,70
24,67,78.4,86,6,63.6,67
18,79,89.2,96,6,75.0,69
34,99,71.4,53,8,94.0,75
21,75,84.6,91,5,71.2,66
18,75,61.8,53,7,71.2,63
15,68,67.4,67,5,64.6,64
27,65,56.6,51,9,61.8,66
25,90,93.6,96,7,85.5,72
17,91,87.4,85,8,86.4,71
23,99,80.4,68,7,94.0,70
11,91,77.8,69,7,86.4,67
21,70,77.2,82,7,66.5,65
23,62,57.2,54,9,58.9,65
30,99,73.8,57,6,94.0,73
15,74,84.8,92,4,70.3,66
12,72,64.8,60,6,68.4,62
15,96,90.0,86,5,91.2,71
12,83,69.8,61,8,78.8,66
28,69,60.0,54,7,65.6,65
29,96,95.4,95,8,91.2,75
22,100,97.0,95,7,95.0,74
27,63,73.2,80,7,59.8,65
21,94,81.4,73,7,89.3,71
19,76,77.2,78,9,72.2,65
18,81,74.4,70,7,77.0,65
18,97,91.6,88,9,92.1,67
11,99,92.4,88,9,94.0,67
22,70,82.6,91,7,66.5,66
20,69,73.2,76,7,65.6,67
24,63,79.2,90,6,59.8,66
21,82,67.6,58,9,77.9,65
19,61,55.6,52,6,58.0,59
15,76,79.6,82,6,72.2,69
20,63,58.2,55,7,59.8,63
24,76,77.2,78,5,72.2,65
13,62,76.4,86,6,58.9,61
21,93,79.2,70,9,88.4,68
21,68,58.4,52,8,64.6,65
16,73,85.6,94,6,69.4,61
16,95,69.2,52,8,90.2,69
21,90,93.0,95,10,85.5,72
13,69,59.4,53,7,65.6,59
22,63,77.4,87,9,59.8,63
15,89,93.2,96,8,84.6,69
26,76,87.4,95,7,72.2,67
34,91,93.4,95,7,86.4,70
15,78,87.6,94,8,74.1,67
23,74,75.2,76,6,70.3,66
16,78,78.0,78,4,74.1,68
26,90,84.6,81,6,85.5,71
12,96,95.4,95,4,91.2,69
23,62,80.0,92,6,58.9,65
15,81,85.8,89,4,77.0,66
19,61,74.8,84,8,58.0,66
14,79,80.2,81,5,75.0,67
25,95,95.6,96,8,90.2,74
15,74,65.6,60,8,70.3,66
23,97,74.8,60,8,92.1,72
18,85,93.4,99,4,80.8,69
19,97,85.6,78,9,92.1,68
21,90,80.4,74,8,85.5,71
15,64,81.4,93,8,60.8,61
21,69,82.8,92,10,65.6,65
29,76,65.8,59,8,72.2,71
15,67,62.2,59,5,63.6,59
27,80,86.0,90,8,76.0,71
29,79,85.0,89,5,75.0,72
15,98,75.8,61,7,93.1,71
11,77,86.0,92,6,73.1,61
22,91,80.8,74,7,86.4,67
17,98,83.0,73,5,93.1,67
31,95,97.4,99,5,90.2,74
20,68,72.8,76,6,64.6,66
15,80,66.2,57,7,76.0,63
13,74,68.0,64,6,70.3,63
27,76,70.6,67,9,72.2,68
17,74,88.4,98,8,70.3,65
20,93,75.0,63,8,88.4,66
26,78,74.4,72,6,74.1,67
17,81,84.6,87,5,77.0,67
20,99,78.0,64,7,94.0,70
20,62,75.8,85,10,58.9,65
24,80,68.0,60,7,76.0,68
24,91,73.6,62,9,86.4,70
19,66,85.8,99,9,62.7,66
20,84,74.4,68,8,79.8,69
18,70,79.6,86,7,66.5,65
11,95,93.2,92,6,90.2,68
22,73,69.4,67,7,69.4,65
31,73,70.0,68,6,69.4,70
15,84,87.0,89,7,79.8,65
15,67,74.8,80,5,63.6,67
15,71,69.2,68,6,67.4,64
24,77,83.0,87,8,73.1,68
23,74,85.4,93,6,70.3,70
19,81,69.6,62,6,77.0,64
14,84,64.2,51,6,79.8,67
21,83,71.6,64,7,78.8,68
11,86,84.8,84,4,81.7,67
21,72,86.4,96,6,68.4,66
25,65,81.8,93,8,61.8,66
12,90,72.6,61,7,85.5,66
11,94,94.0,94,8,89.3,67
29,70,82.6,91,4,66.5,69
16,76,82.6,87,6,72.2,65
27,80,82.4,84,7,76.0,68
19,81,86.4,90,8,77.0,67
19,86,90.2,93,9,81.7,69
23,62,79.4,91,8,58.9,64
15,89,69.2,56,6,84.6,67
21,62,76.4,86,6,58.9,67
18,79,86.8,92,9,75.0,67
12,93,72.6,59,6,88.4,67
22,78,67.8,61,5,74.1,68
18,66,79.8,89,7,62.7,65
19,99,79.8,67,9,94.0,70
13,96,80.4,70,6,91.2,68
30,91,77.8,69,6,86.4,72
25,76,67.0,61,6,72.2,67
26,67,85.0,97,8,63.6,66
18,98,93.2,90,7,93.1,68
10,81,70.2,63,8,77.0,64
32,94,70.6,55,9,89.3,75
20,74,71.0,69,5,70.3,66
16,73,71.8,71,6,69.4,67
23,99,69.6,50,6,94.0,71
27,81,88.8,94,7,77.0,68
20,66,82.2,93,8,62.7,65
28,69,83.4,93,6,65.6,67
26,79,85.6,90,6,75.0,66
14,62,77.0,87,8,58.9,60
16,79,80.8,82,8,75.0,64
26,77,89.6,98,7,73.1,69
4,91,88.0,86,4,86.4,64
19,74,78.8,82,9,70.3,66
11,99,93.0,89,7,94.0,72
17,67,64.0,62,7,63.6,60
18,84,92.4,98,6,79.8,69
18,64,56.2,51,6,60.8,62
17,89,84.8,82,6,84.6,70
13,100,72.4,54,4,95.0,65
34,93,93.0,93,6,88.4,77
31,82,91.6,98,5,77.9,71
13,79,73.6,70,7,75.0,66
29,93,93.0,93,5,88.4,74
18,97,79.0,67,8,92.1,70
21,100,74.8,58,5,95.0,69
20,76,68.8,64,9,72.2,64
16,100,79.0,65,8,95.0,69
26,66,75.6,82,5,62.7,68
21,70,82.0,90,7,66.5,63
17,64,61.6,60,6,60.8,61
12,71,60.8,54,8,67.4,61
15,91,73.0,61,10,86.4,65
10,94,76.6,65,9,89.3,65
20,91,74.8,64,6,86.4,69
13,85,70.6,61,7,80.8,69
18,81,76.2,73,9,77.0,65
28,88,91.0,93,8,83.6,72
27,76,63.4,55,9,72.2,69
20,94,93.4,93,8,89.3,71
19,87,79.8,75,7,82.6,67
31,88,85.0,83,7,83.6,72
23,81,87.0,91,5,77.0,70
18,95,77.0,65,6,90.2,68
11,70,86.8,98,6,66.5,66
22,75,62.4,54,6,71.2,68
25,91,82.0,76,7,86.4,71
16,80,69.8,63,7,76.0,63
22,96,80.4,70,7,91.2,70
18,74,72.8,72,8,70.3,65
19,75,87.6,96,6,71.2,70
5,96,81.6,72,8,91.2,65
19,79,82.6,85,9,75.0,68
26,81,91.2,98,8,77.0,69
16,73,74.2,75,6,69.4,66
20,71,70.4,70,8,67.4,62
15,86,93.8,99,8,81.7,70
22,65,80.6,91,8,61.8,65
19,95,96.2,97,9,90.2,71
14,91,78.4,70,8,86.4,68
28,68,78.2,85,9,64.6,65
26,88,72.4,62,7,83.6,70
16,84,89.4,93,6,79.8,69
23,67,85.0,97,9,63.6,66
23,71,66.2,63,6,67.4,66
24,76,63.4,55,10,72.2,67
10,88,71.2,60,9,83.6,63
26,86,83.6,82,7,81.7,70
17,81,70.8,64,9,77.0,65
18,91,85.6,82,8,86.4,70
36,90,76.8,68,5,85.5,74
22,85,91.6,96,6,80.8,69
18,91,80.2,73,7,86.4,68
7,73,74.2,75,7,69.4,64
28,95,78.2,67,9,90.2,73
12,85,66.4,54,7,80.8,66
14,93,82.2,75,5,88.4,65
18,82,86.2,89,6,77.9,66
28,69,86.4,98,8,65.6,67
25,82,65.2,54,4,77.9,67
19,75,84.0,90,5,71.2,66
22,88,73.0,63,6,83.6,69
16,79,86.2,91,8,75.0,69
21,93,77.4,67,7,88.4,68
20,87,68.4,56,8,82.6,64
26,87,83.4,81,7,82.6,70
26,69,84.6,95,7,65.6,67
23,99,75.0,59,6,94.0,68
18,94,68.2,51,8,89.3,67
24,92,93.2,94,5,87.4,73
19,73,80.2,85,7,69.4,65
14,81,86.4,90,9,77.0,69
18,65,57.8,53,6,61.8,63
21,82,89.8,95,5,77.9,68
25,66,69.0,71,4,62.7,64
19,82,89.8,95,8,77.9,68
13,86,66.2,53,8,81.7,66
20,76,86.8,94,6,72.2,65
21,80,82.4,84,5,76.0,69
21,95,84.8,78,7,90.2,69
26,64,57.4,53,9,60.8,64
26,92,87.2,84,5,87.4,74
16,67,74.8,80,9,63.6,64
16,61,76.0,86,4,58.0,63
14,67,78.4,86,5,63.6,64
24,91,79.6,72,7,86.4,71
29,76,66.4,60,8,72.2,68
18,95,95.6,96,9,90.2,72
19,81,90.0,96,8,77.0,67
29,61,61.0,61,9,58.0,64
23,89,84.8,82,7,84.6,70
23,64,61.6,60,6,60.8,65
13,92,92.6,93,9,87.4,69
24,67,59.8,55,9,63.6,65
14,74,89.6,100,8,70.3,66
13,90,84.6,81,8,85.5,67
18,98,69.8,51,9,93.1,68
16,75,86.4,94,8,71.2,65
19,93,87.6,84,7,88.4,68
11,68,78.2,85,8,64.6,63
26,92,75.2,64,8,87.4,71
27,86,74.6,67,8,81.7,71
8,68,84.8,96,7,64.6,65
26,72,78.0,82,8,68.4,65
15,65,56.6,51,8,61.8,61
25,75,69.6,66,7,71.2,68
20,68,75.2,80,6,64.6,65
20,86,68.6,57,9,81.7,66
19,100,73.0,55,5,95.0,69
27,60,55.8,53,6,57.0,65
13,82,82.0,82,7,77.9,65
24,83,72.8,66,4,78.8,70
27,97,80.2,69,9,92.1,70
24,80,63.8,53,7,76.0,67
34,82,85.0,87,9,77.9,75
17,79,84.4,88,10,75.0,65
26,71,83.0,91,7,67.4,66
19,62,74.6,83,9,58.9,67
27,76,83.8,89,5,72.2,67
20,62,72.2,79,8,58.9,62
18,82,77.8,75,6,77.9,66
28,72,66.6,63,8,68.4,66
17,81,64.2,53,8,77.0,64
12,65,65.0,65,7,61.8,60
17,97,89.2,84,8,92.1,70
24,96,96.0,96,8,91.2,72
28,68,65.0,63,7,64.6,67
21,74,79.4,83,10,70.3,67
28,85,78.4,74,7,80.8,72
12,64,74.2,81,9,60.8,63
17,74,59.6,50,9,70.3,60
18,70,61.6,56,4,66.5,65
19,97,75.4,61,9,92.1,72
21,94,94.6,95,9,89.3,70
24,83,64.4,52,7,78.8,71
17,81,79.2,78,8,77.0,66
21,97,96.4,96,8,92.1,72
20,97,88.6,83,9,92.1,73
14,99,84.0,74,6,94.0,71
19,65,67.4,69,9,61.8,64
19,66,75.0,81,5,62.7,66
19,87,79.2,74,4,82.6,69
20,82,83.8,85,8,77.9,66
20,61,73.0,81,9,58.0,63
17,62,71.6,78,7,58.9,62
28,96,97.2,98,4,91.2,98
13,95,93.2,92,5,90.2,71
16,74,77.6,80,8,70.3,66
37,96,84.6,77,7,91.2,75
14,84,85.2,86,9,79.8,68
12,92,90.8,90,7,87.4,69
24,77,69.8,65,6,73.1,68
8,65,75.8,83,7,61.8,60
19,77,65.0,57,9,73.1,64
33,78,74.4,72,9,74.1,71
11,82,91.0,97,7,77.9,69
8,64,65.2,66,7,60.8,60
11,100,74.8,58,8,95.0,70
25,70,62.2,57,6,66.5,66
27,68,69.2,70,8,64.6,68
17,81,69.0,61,7,77.0,67
24,81,75.0,71,7,77.0,70
28,78,82.8,86,7,74.1,69
31,91,92.8,94,7,86.4,75
19,81,66.0,56,10,77.0,65
6,84,86.4,88,6,79.8,65
15,89,68.6,55,6,84.6,66
17,61,65.8,69,9,58.0,64
18,83,93.2,100,8,78.8,66
19,95,69.8,53,8,90.2,70
27,61,55.0,51,5,58.0,63
28,76,70.6,67,7,72.2,66
19,97,97.6,98,8,92.1,71
27,74,60.2,51,6,70.3,68
22,78,67.8,61,8,74.1,68
20,99,87.6,80,7,94.0,71
25,68,64.4,62,6,64.6,63
20,63,57.0,53,9,59.8,60
32,94,69.4,53,9,89.3,73
11,95,84.8,78,7,90.2,68
17,79,78.4,78,8,75.0,70
19,81,83.4,85,9,77.0,66
23,93,71.4,57,6,88.4,72
28,90,81.0,75,8,85.5,70
20,71,76.4,80,6,67.4,68
11,61,61.0,61,5,58.0,60
25,79,77.8,77,6,75.0,68
25,94,88.6,85,5,89.3,74
8,96,98.4,100,8,91.2,68
20,98,87.2,80,6,93.1,72
10,95,93.8,93,5,90.2,69
16,83,88.4,92,8,78.8,98
15,78,89.4,97,8,74.1,68
25,91,88.0,86,7,86.4,70
21,90,72.6,61,8,85.5,69
12,82,71.8,65,6,77.9,64
25,63,78.6,89,6,59.8,65
11,97,84.4,76,8,92.1,69
22,78,69.0,63,9,74.1,67
15,75,79.8,83,6,71.2,65
18,85,91.0,95,6,80.8,70
23,87,75.6,68,8,82.6,68
23,68,75.2,80,8,64.6,65
28,93,84.6,79,7,88.4,74
20,72,62.4,56,9,68.4,65
22,67,59.8,55,10,63.6,65
17,76,86.8,94,8,72.2,68
21,89,93.8,97,6,84.6,68
23,99,96.6,95,8,94.0,74
19,92,78.8,70,6,87.4,71
9,98,77.6,64,9,93.1,67
22,66,84.6,97,6,62.7,64
22,63,81.6,94,7,59.8,61
16,82,87.4,91,6,77.9,66
12,72,69.0,67,7,68.4,61
29,93,86.4,82,7,88.4,73
23,87,87.6,88,8,82.6,70
19,99,87.0,79,7,94.0,70
13,70,76.0,80,7,66.5,63
15,79,84.4,88,6,75.0,69
28,80,84.8,88,7,76.0,72
21,70,65.2,62,5,66.5,66
17,84,75.6,70,9,79.8,68
23,78,84.6,89,7,74.1,67
15,78,69.0,63,9,74.1,65
29,75,87.6,96,7,71.2,68
28,61,79.6,92,4,58.0,68
17,81,89.4,95,6,77.0,69
16,73,68.2,65,7,69.4,66
4,60,57.0,55,7,57.0,58
11,72,61.8,55,8,68.4,60
12,71,75.2,78,7,67.4,67
21,76,69.4,65,6,72.2,65
18,65,63.8,63,6,61.8,62
12,80,68.6,61,6,76.0,65
18,88,82.0,78,8,83.6,69
23,85,80.2,77,8,80.8,70
23,92,79.4,71,6,87.4,70
9,78,65.4,57,9,74.1,63
19,81,90.0,96,8,77.0,69
12,92,79.4,71,6,87.4,64
25,77,64.4,56,7,73.1,69
25,88,66.4,52,8,83.6,70
15,77,65.6,58,5,73.1,64
15,77,69.8,65,5,73.1,65
17,90,85.2,82,8,85.5,70
6,67,86.2,99,6,63.6,60
22,74,68.0,64,9,70.3,68
18,69,81.0,89,10,65.6,61
26,74,87.2,96,8,70.3,68
13,69,69.6,70,8,65.6,61
16,83,71.0,63,5,78.8,64
11,92,81.8,75,5,87.4,66
14,91,93.4,95,7,86.4,70
13,75,60.6,51,5,71.2,65
26,100,84.4,74,7,95.0,74
16,84,86.4,88,6,79.8,66
21,76,78.4,80,7,72.2,65
18,93,82.2,75,7,88.4,69
12,89,82.4,78,8,84.6,69
19,90,84.6,81,7,85.5,69
24,68,77.6,84,6,64.6,66
13,79,72.4,68,5,75.0,63
25,94,83.2,76,7,89.3,69
15,80,70.4,64,4,76.0,65
17,87,94.2,99,9,82.6,67
23,84,69.0,59,8,79.8,66
16,94,72.4,58,8,89.3,67
20,71,66.2,63,6,67.4,65
18,83,90.8,96,8,78.8,69
21,65,75.8,83,6,61.8,65
6,88,79.0,73,7,83.6,67
9,89,93.2,96,6,84.6,66
24,62,81.8,95,7,58.9,64
26,87,76.8,70,5,82.6,70
15,77,77.6,78,7,73.1,65
19,65,83.0,95,5,61.8,65
22,77,70.4,66,10,73.1,64
24,68,69.2,70,7,64.6,64
8,77,84.8,90,7,73.1,61
15,75,81.0,85,8,71.2,65
18,90,67.2,52,5,85.5,68
24,91,70.0,56,6,86.4,70
35,84,88.8,92,8,79.8,74
19,61,55.0,51,7,58.0,60
12,97,96.4,96,6,92.1,71
22,87,73.2,64,8,82.6,70
28,61,72.4,80,7,58.0,67
21,93,84.0,78,8,88.4,68
15,68,69.2,70,8,64.6,64
26,83,64.4,52,6,78.8,67
24,79,67.6,60,7,75.0,65
14,77,79.4,81,4,73.1,66
22,96,81.6,72,6,91.2,72
26,77,73.4,71,7,73.1,69
27,63,58.2,55,8,59.8,65
20,98,79.4,67,8,93.1,71
18,97,84.4,76,6,92.1,72
27,87,67.2,54,6,82.6,70
13,79,63.4,53,9,75.0,63
23,64,70.6,75,7,60.8,66
12,92,83.6,78,7,87.4,67
26,63,63.0,63,8,59.8,67
18,63,64.8,66,7,59.8,62
28,81,86.4,90,7,77.0,72
23,66,82.2,93,7,62.7,69
13,60,63.6,66,6,57.0,61
29,77,71.6,68,7,73.1,67
29,65,81.2,92,4,61.8,66
25,66,85.8,99,6,62.7,68
15,63,64.8,66,8,59.8,62
18,68,80.6,89,8,64.6,63
21,89,80.0,74,9,84.6,70
16,92,74.6,63,8,87.4,68
30,78,81.6,84,8,74.1,71
21,80,75.8,73,7,76.0,65
4,61,62.2,63,6,58.0,59
22,63,58.2,55,8,59.8,64
18,70,83.8,93,7,66.5,67
20,82,89.2,94,6,77.9,68
18,90,68.4,54,6,85.5,95
25,84,83.4,83,7,79.8,70
27,76,65.2,58,9,72.2,68
22,65,75.2,82,7,61.8,65
18,91,93.4,95,7,86.4,70
20,75,67.8,63,8,71.2,67
20,89,75.8,67,8,84.6,69
15,81,86.4,90,7,77.0,68
23,90,88.2,87,7,85.5,72
23,96,80.4,70,6,91.2,71
29,97,94.0,92,9,92.1,75
28,81,90.0,96,6,77.0,70
16,80,75.8,73,9,76.0,66
25,71,59.6,52,7,67.4,67
14,97,83.8,75,7,92.1,70
24,78,83.4,87,8,74.1,71
17,65,62.6,61,6,61.8,64
14,77,63.8,55,8,73.1,65
22,65,64.4,64,7,61.8,64
4,80,62.6,51,8,76.0,62
9,82,84.4,86,6,77.9,64
19,74,63.8,57,6,70.3,66
20,63,76.8,86,4,59.8,64
18,98,76.4,62,6,93.1,71
11,91,96.4,100,6,86.4,68
15,94,83.8,77,6,89.3,70
22,75,61.2,52,7,71.2,66
23,90,89.4,89,7,85.5,71
20,79,74.2,71,8,75.0,68
27,68,75.2,80,8,64.6,66
22,65,84.8,98,8,61.8,66
16,74,75.2,76,8,70.3,65
18,66,80.4,90,7,62.7,64
12,100,79.0,65,7,95.0,67
19,62,76.4,86,8,58.9,65
27,78,64.2,55,8,74.1,69
24,78,88.2,95,5,74.1,69
28,72,64.8,60,7,68.4,69
18,83,72.2,65,4,78.8,68
28,66,85.2,98,4,62.7,67
19,91,71.2,58,6,86.4,68
29,73,67.0,63,7,69.4,65
20,84,81.0,79,6,79.8,69
24,89,95.0,99,4,84.6,73
29,96,89.4,85,8,91.2,76
19,93,70.8,56,6,88.4,69
21,84,85.8,87,8,79.8,69
28,76,73.0,71,6,72.2,68
19,80,92.0,100,6,76.0,70
12,91,85.0,81,8,86.4,64
33,95,84.2,77,6,90.2,73
17,64,72.4,78,7,60.8,64
21,75,79.2,82,7,71.2,65
27,91,88.6,87,5,86.4,69
16,77,63.2,54,8,73.1,62
14,73,63.4,57,6,69.4,64
22,76,69.4,65,5,72.2,64
9,84,78.0,74,6,79.8,67
18,100,79.6,66,8,95.0,69
21,80,68.6,61,5,76.0,67
18,68,84.8,96,8,64.6,65
11,67,58.0,52,8,63.6,63
30,62,83.0,97,7,58.9,66
21,82,89.8,95,7,77.9,70
29,82,83.2,84,7,77.9,70
18,68,58.4,52,8,64.6,67
15,88,71.8,61,6,83.6,65
22,90,95.4,99,5,85.5,70
19,70,85.0,95,7,66.5,66
13,74,88.4,98,8,70.3,66
29,100,100.0,100,8,95.0,72
16,75,61.8,53,10,71.2,64
9,90,83.4,79,7,85.5,70
28,78,86.4,92,7,74.1,71
17,92,76.4,66,7,87.4,66
16,91,79.6,72,6,86.4,70
9,87,73.2,64,6,82.6,64
30,94,68.8,52,5,89.3,70
12,98,71.6,54,4,93.1,67
20,83,63.8,51,6,78.8,65
25,69,73.2,76,7,65.6,68
23,76,79.0,81,8,72.2,69
20,90,75.0,65,6,85.5,68
10,86,89.0,91,6,81.7,68
15,67,83.2,94,9,63.6,64
